"","year","month","day","temp","hd","precp","sunhr"
"1","2013","1","1","15.9 ","63 ","0.0 ","2.0 "
"2","2013","1","2","18.5 ","72 ","0.0 ","3.4 "
"3","2013","1","3","16.8 ","79 ","1.0 ","0.1 "
"4","2013","1","4","16.8 ","76 ","0.0 ","7.2 "
"5","2013","1","5","17.8 ","79 ","0.0 ","8.0 "
"6","2013","1","6","18.5 ","80 ","0.0 ","9.1 "
"7","2013","1","7","19.8 ","78 ","0.0 ","5.6 "
"8","2013","1","8","18.8 ","81 ","0.0 ","0.0 "
"9","2013","1","9","16.1 ","81 ","3.0 ","0.0 "
"10","2013","1","10","16.2 ","76 ","0.5 ","0.2 "
"11","2013","1","11","16.5 ","78 ","0.0 ","0.8 "
"12","2013","1","12","18.7 ","82 ","0.0 ","0.2 "
"13","2013","1","13","17.5 ","83 ","3.0 ","1.4 "
"14","2013","1","14","15.9 ","66 ","0.0 ","9.5 "
"15","2013","1","15","16.6 ","71 ","0.0 ","9.2 "
"16","2013","1","16","17.3 ","78 ","0.0 ","8.4 "
"17","2013","1","17","15.6 ","73 ","0.0 ","8.4 "
"18","2013","1","18","14.4 ","62 ","0.0 ","8.7 "
"19","2013","1","19","16.0 ","70 ","0.0 ","9.0 "
"20","2013","1","20","17.9 ","72 ","0.0 ","6.5 "
"21","2013","1","21","20.2 ","67 ","0.0 ","2.6 "
"22","2013","1","22","20.2 ","73 ","0.0 ","0.9 "
"23","2013","1","23","18.4 ","78 ","0.0 ","5.1 "
"24","2013","1","24","18.3 ","75 ","0.0 ","1.6 "
"25","2013","1","25","17.1 ","73 ","0.0 ","1.5 "
"26","2013","1","26","16.1 ","76 ","0.0 ","6.4 "
"27","2013","1","27","17.1 ","68 ","0.0 ","6.8 "
"28","2013","1","28","16.9 ","65 ","0.0 ","9.0 "
"29","2013","1","29","18.6 ","66 ","0.0 ","9.5 "
"30","2013","1","30","18.9 ","65 ","0.0 ","9.6 "
"31","2013","1","31","19.8 ","63 ","0.0 ","9.8 "
"32","2013","2","1","21.8 ","55 ","0.0 ","8.4 "
"33","2013","2","2","22.4 ","66 ","0.0 ","5.6 "
"34","2013","2","3","20.8 ","80 ","1.5 ","2.1 "
"35","2013","2","4","23.3 ","75 ","0.0 ","6.9 "
"36","2013","2","5","22.7 ","75 ","0.0 ","0.4 "
"37","2013","2","6","22.5 ","73 ","0.0 ","7.7 "
"38","2013","2","7","21.1 ","75 ","0.0 ","7.6 "
"39","2013","2","8","18.5 ","70 ","0.0 ","5.3 "
"40","2013","2","9","16.9 ","71 ","0.0 ","9.5 "
"41","2013","2","10","17.1 ","75 ","0.0 ","7.6 "
"42","2013","2","11","17.8 ","76 ","0.0 ","5.8 "
"43","2013","2","12","19.1 ","74 ","0.0 ","8.8 "
"44","2013","2","13","18.8 ","69 ","0.0 ","2.4 "
"45","2013","2","14","21.2 ","70 ","0.0 ","7.8 "
"46","2013","2","15","22.0 ","67 ","0.0 ","9.6 "
"47","2013","2","16","19.3 ","68 ","0.0 ","8.5 "
"48","2013","2","17","20.8 ","72 ","0.0 ","8.5 "
"49","2013","2","18","24.3 ","70 ","0.0 ","9.9 "
"50","2013","2","19","22.2 ","76 ","0.0 ","8.6 "
"51","2013","2","20","17.8 ","72 ","0.0 ","4.8 "
"52","2013","2","21","18.2 ","80 ","0.0 ","6.6 "
"53","2013","2","22","18.0 ","79 ","0.0 ","7.1 "
"54","2013","2","23","18.7 ","74 ","0.0 ","8.2 "
"55","2013","2","24","18.5 ","81 ","0.0 ","5.1 "
"56","2013","2","25","20.3 ","77 ","0.0 ","8.5 "
"57","2013","2","26","22.8 ","70 ","0.0 ","0.2 "
"58","2013","2","27","23.1 ","72 ","0.0 ","7.4 "
"59","2013","2","28","20.8 ","81 ","0.0 ","8.1 "
"60","2013","3","1","23.8 ","74 ","0.0 ","5.1 "
"61","2013","3","2","17.3 ","76 ","0.0 ","0.7 "
"62","2013","3","3","14.5 ","76 ","0.0 ","0.5 "
"63","2013","3","4","17.1 ","59 ","0.0 ","2.0 "
"64","2013","3","5","19.0 ","67 ","0.0 ","9.1 "
"65","2013","3","6","20.0 ","65 ","0.0 ","10.2 "
"66","2013","3","7","20.6 ","61 ","0.0 ","10.7 "
"67","2013","3","8","21.9 ","58 ","0.0 ","10.0 "
"68","2013","3","9","23.3 ","63 ","0.0 ","10.3 "
"69","2013","3","10","24.1 ","68 ","0.0 ","10.3 "
"70","2013","3","11","22.0 ","71 ","0.0 ","9.9 "
"71","2013","3","12","23.2 ","70 ","0.0 ","8.8 "
"72","2013","3","13","24.7 ","75 ","0.0 ","5.5 "
"73","2013","3","14","19.9 ","70 ","0.0 ","0.3 "
"74","2013","3","15","20.7 ","67 ","0.0 ","6.5 "
"75","2013","3","16","21.9 ","74 ","0.0 ","9.3 "
"76","2013","3","17","24.0 ","74 ","0.0 ","9.4 "
"77","2013","3","18","25.3 ","78 ","0.5 ","3.3 "
"78","2013","3","19","25.0 ","79 ","0.0 ","5.1 "
"79","2013","3","20","25.5 ","77 ","0.0 ","7.4 "
"80","2013","3","21","22.4 ","79 ","0.0 ","0.8 "
"81","2013","3","22","24.9 ","73 ","0.0 ","9.2 "
"82","2013","3","23","26.6 ","72 ","0.0 ","10.0 "
"83","2013","3","24","25.9 ","76 ","0.0 ","3.1 "
"84","2013","3","25","23.5 ","69 ","0.0 ","5.7 "
"85","2013","3","26","23.3 ","69 ","0.0 ","7.0 "
"86","2013","3","27","23.8 ","72 ","2.5 ","10.5 "
"87","2013","3","28","24.3 ","70 ","1.0 ","8.2 "
"88","2013","3","29","24.0 ","70 ","0.5 ","6.8 "
"89","2013","3","30","23.0 ","72 ","0.0 ","7.4 "
"90","2013","3","31","22.6 ","79 ","1.0 ","0.6 "
"91","2013","4","1","23.6 ","76 ","T ","4.4 "
"92","2013","4","2","24.8 ","73 ","0.0 ","8.0 "
"93","2013","4","3","22.9 ","78 ","11.5 ","2.3 "
"94","2013","4","4","23.8 ","82 ","1.2 ","3.7 "
"95","2013","4","5","24.4 ","89 ","67.5 ","0.2 "
"96","2013","4","6","22.3 ","84 ","10.0 ","0.0 "
"97","2013","4","7","18.8 ","60 ","0.0 ","0.2 "
"98","2013","4","8","22.2 ","69 ","0.0 ","6.6 "
"99","2013","4","9","22.1 ","79 ","9.5 ","1.8 "
"100","2013","4","10","20.9 ","75 ","0.0 ","2.4 "
"101","2013","4","11","21.1 ","72 ","0.0 ","0.0 "
"102","2013","4","12","19.8 ","81 ","0.0 ","0.8 "
"103","2013","4","13","21.7 ","77 ","0.0 ","0.0 "
"104","2013","4","14","22.2 ","79 ","0.0 ","0.9 "
"105","2013","4","15","24.2 ","73 ","0.0 ","5.1 "
"106","2013","4","16","25.7 ","73 ","0.0 ","4.6 "
"107","2013","4","17","26.5 ","71 ","0.0 ","2.7 "
"108","2013","4","18","26.8 ","76 ","T ","2.5 "
"109","2013","4","19","25.4 ","84 ","1.0 ","0.0 "
"110","2013","4","20","26.7 ","75 ","0.0 ","6.8 "
"111","2013","4","21","22.9 ","77 ","T ","1.0 "
"112","2013","4","22","23.1 ","71 ","0.0 ","4.3 "
"113","2013","4","23","26.0 ","69 ","0.0 ","7.0 "
"114","2013","4","24","27.1 ","76 ","0.0 ","10.7 "
"115","2013","4","25","26.0 ","74 ","0.0 ","4.8 "
"116","2013","4","26","23.9 ","81 ","7.0 ","0.2 "
"117","2013","4","27","22.5 ","87 ","4.0 ","0.0 "
"118","2013","4","28","25.3 ","75 ","0.0 ","8.8 "
"119","2013","4","29","26.8 ","70 ","0.0 ","10.6 "
"120","2013","4","30","27.5 ","75 ","0.0 ","10.0 "
"121","2013","5","1","24.9 ","77 ","5.5 ","3.9 "
"122","2013","5","2","22.7 ","83 ","5.5 ","0.0 "
"123","2013","5","3","23.4 ","85 ","1.0 ","0.0 "
"124","2013","5","4","24.9 ","78 ","0.0 ","0.6 "
"125","2013","5","5","26.0 ","78 ","0.0 ","1.7 "
"126","2013","5","6","26.1 ","80 ","0.0 ","3.7 "
"127","2013","5","7","25.9 ","80 ","0.0 ","0.7 "
"128","2013","5","8","26.8 ","77 ","T ","2.4 "
"129","2013","5","9","27.8 ","73 ","0.0 ","3.1 "
"130","2013","5","10","28.7 ","72 ","0.0 ","10.8 "
"131","2013","5","11","28.3 ","72 ","0.0 ","6.4 "
"132","2013","5","12","26.3 ","85 ","10.0 ","0.0 "
"133","2013","5","13","27.8 ","79 ","2.0 ","8.7 "
"134","2013","5","14","27.9 ","80 ","0.0 ","6.2 "
"135","2013","5","15","28.8 ","74 ","0.0 ","6.7 "
"136","2013","5","16","27.1 ","86 ","12.5 ","0.5 "
"137","2013","5","17","26.9 ","87 ","96.5 ","0.7 "
"138","2013","5","18","26.5 ","92 ","67.5 ","0.3 "
"139","2013","5","19","26.5 ","88 ","24.5 ","0.1 "
"140","2013","5","20","27.8 ","85 ","29.0 ","3.1 "
"141","2013","5","21","27.0 ","86 ","15.0 ","1.4 "
"142","2013","5","22","27.1 ","83 ","9.5 ","3.1 "
"143","2013","5","23","28.1 ","77 ","0.5 ","4.0 "
"144","2013","5","24","28.6 ","74 ","0.0 ","9.0 "
"145","2013","5","25","28.1 ","76 ","0.0 ","7.7 "
"146","2013","5","26","27.9 ","76 ","0.0 ","5.0 "
"147","2013","5","27","29.3 ","72 ","0.0 ","10.4 "
"148","2013","5","28","29.0 ","76 ","7.0 ","3.8 "
"149","2013","5","29","30.0 ","73 ","0.0 ","11.2 "
"150","2013","5","30","29.7 ","73 ","0.0 ","9.1 "
"151","2013","5","31","29.9 ","72 ","0.0 ","11.6 "
"152","2013","6","1","29.7 ","73 ","0.0 ","11.6 "
"153","2013","6","2","29.4 ","72 ","0.0 ","11.8 "
"154","2013","6","3","30.1 ","73 ","0.0 ","12.3 "
"155","2013","6","4","29.8 ","72 ","0.0 ","7.5 "
"156","2013","6","5","29.3 ","72 ","0.0 ","2.1 "
"157","2013","6","6","29.8 ","68 ","0.0 ","10.2 "
"158","2013","6","7","30.0 ","69 ","0.0 ","10.3 "
"159","2013","6","8","29.8 ","72 ","0.5 ","10.6 "
"160","2013","6","9","30.3 ","73 ","0.0 ","9.6 "
"161","2013","6","10","29.3 ","80 ","48.0 ","3.6 "
"162","2013","6","11","30.1 ","74 ","0.0 ","10.7 "
"163","2013","6","12","29.8 ","72 ","T ","4.4 "
"164","2013","6","13","27.6 ","86 ","11.0 ","0.9 "
"165","2013","6","14","28.2 ","83 ","5.5 ","1.5 "
"166","2013","6","15","29.2 ","79 ","0.0 ","0.6 "
"167","2013","6","16","29.3 ","78 ","0.0 ","0.6 "
"168","2013","6","17","29.8 ","73 ","0.0 ","5.3 "
"169","2013","6","18","29.9 ","71 ","0.0 ","9.3 "
"170","2013","6","19","29.9 ","71 ","0.0 ","8.8 "
"171","2013","6","20","30.1 ","73 ","0.0 ","5.4 "
"172","2013","6","21","30.1 ","70 ","0.0 ","2.0 "
"173","2013","6","22","30.5 ","70 ","T ","2.8 "
"174","2013","6","23","29.3 ","74 ","6.5 ","9.9 "
"175","2013","6","24","26.4 ","86 ","115.0 ","0.5 "
"176","2013","6","25","27.8 ","84 ","47.0 ","0.4 "
"177","2013","6","26","29.8 ","77 ","0.0 ","10.3 "
"178","2013","6","27","30.0 ","76 ","0.0 ","11.7 "
"179","2013","6","28","29.9 ","75 ","0.0 ","10.8 "
"180","2013","6","29","29.9 ","75 ","0.0 ","11.2 "
"181","2013","6","30","30.3 ","74 ","0.0 ","8.4 "
"182","2013","7","1","31.3 ","67 ","0.0 ","9.0 "
"183","2013","7","2","30.4 ","70 ","0.0 ","8.4 "
"184","2013","7","3","29.6 ","71 ","0.0 ","10.3 "
"185","2013","7","4","30.1 ","71 ","0.0 ","11.4 "
"186","2013","7","5","30.2 ","72 ","0.0 ","9.2 "
"187","2013","7","6","30.0 ","72 ","0.0 ","9.1 "
"188","2013","7","7","29.9 ","72 ","0.0 ","10.1 "
"189","2013","7","8","29.6 ","67 ","0.0 ","9.7 "
"190","2013","7","9","27.7 ","77 ","38.0 ","5.0 "
"191","2013","7","10","28.1 ","74 ","0.4 ","8.3 "
"192","2013","7","11","29.3 ","73 ","0.0 ","8.3 "
"193","2013","7","12","29.2 ","75 ","0.0 ","4.2 "
"194","2013","7","13","28.6 ","85 ","14.0 ","0.0 "
"195","2013","7","14","26.6 ","85 ","48.5 ","0.2 "
"196","2013","7","15","29.1 ","71 ","0.0 ","8.9 "
"197","2013","7","16","29.4 ","70 ","7.5 ","8.0 "
"198","2013","7","17","29.2 ","75 ","15.5 ","6.6 "
"199","2013","7","18","28.0 ","77 ","4.5 ","0.0 "
"200","2013","7","19","29.1 ","70 ","0.0 ","0.8 "
"201","2013","7","20","29.5 ","74 ","0.0 ","2.5 "
"202","2013","7","21","29.6 ","73 ","0.0 ","1.0 "
"203","2013","7","22","30.0 ","73 ","0.0 ","8.2 "
"204","2013","7","23","30.1 ","70 ","0.0 ","11.2 "
"205","2013","7","24","29.8 ","71 ","0.0 ","9.5 "
"206","2013","7","25","28.4 ","79 ","5.5 ","6.2 "
"207","2013","7","26","29.0 ","73 ","0.0 ","9.5 "
"208","2013","7","27","29.9 ","70 ","0.0 ","9.5 "
"209","2013","7","28","29.6 ","71 ","0.0 ","9.6 "
"210","2013","7","29","29.9 ","72 ","0.0 ","7.9 "
"211","2013","7","30","30.1 ","71 ","0.0 ","7.6 "
"212","2013","7","31","29.3 ","71 ","15.0 ","6.3 "
"213","2013","8","1","28.5 ","76 ","0.5 ","1.7 "
"214","2013","8","2","29.0 ","75 ","3.5 ","2.6 "
"215","2013","8","3","30.0 ","76 ","0.0 ","9.8 "
"216","2013","8","4","30.2 ","73 ","0.0 ","9.0 "
"217","2013","8","5","30.0 ","74 ","0.0 ","10.4 "
"218","2013","8","6","30.8 ","69 ","0.0 ","9.8 "
"219","2013","8","7","30.2 ","72 ","0.0 ","8.9 "
"220","2013","8","8","30.3 ","71 ","0.0 ","11.4 "
"221","2013","8","9","30.5 ","71 ","0.0 ","10.8 "
"222","2013","8","10","30.1 ","73 ","37.5 ","10.3 "
"223","2013","8","11","30.7 ","69 ","0.0 ","10.2 "
"224","2013","8","12","30.4 ","72 ","0.0 ","3.1 "
"225","2013","8","13","30.0 ","76 ","5.0 ","1.0 "
"226","2013","8","14","28.3 ","80 ","0.5 ","1.7 "
"227","2013","8","15","27.4 ","83 ","8.0 ","1.3 "
"228","2013","8","16","28.1 ","82 ","6.0 ","4.7 "
"229","2013","8","17","29.3 ","75 ","0.0 ","9.1 "
"230","2013","8","18","30.1 ","71 ","0.0 ","10.4 "
"231","2013","8","19","30.3 ","72 ","0.0 ","10.4 "
"232","2013","8","20","28.2 ","85 ","9.0 ","0.0 "
"233","2013","8","21","27.8 ","87 ","69.0 ","0.7 "
"234","2013","8","22","27.5 ","93 ","91.0 ","0.0 "
"235","2013","8","23","26.1 ","92 ","50.0 ","0.0 "
"236","2013","8","24","28.8 ","80 ","0.0 ","10.1 "
"237","2013","8","25","29.0 ","76 ","T ","8.2 "
"238","2013","8","26","29.5 ","75 ","0.0 ","10.0 "
"239","2013","8","27","30.0 ","74 ","0.0 ","9.5 "
"240","2013","8","28","28.3 ","84 ","25.0 ","0.6 "
"241","2013","8","29","26.0 ","92 ","214.0 ","0.0 "
"242","2013","8","30","25.7 ","94 ","155.5 ","0.0 "
"243","2013","8","31","25.0 ","95 ","132.0 ","0.0 "
"244","2013","9","1","25.3 ","84 ","0.0 ","2.9 "
"245","2013","9","2","27.2 ","72 ","0.0 ","7.4 "
"246","2013","9","3","28.0 ","68 ","0.0 ","8.7 "
"247","2013","9","4","27.8 ","72 ","0.0 ","7.1 "
"248","2013","9","5","28.5 ","67 ","0.0 ","9.6 "
"249","2013","9","6","29.2 ","65 ","0.0 ","9.3 "
"250","2013","9","7","29.3 ","70 ","0.0 ","8.7 "
"251","2013","9","8","29.4 ","70 ","0.0 ","9.3 "
"252","2013","9","9","29.6 ","73 ","0.0 ","9.8 "
"253","2013","9","10","29.5 ","74 ","0.0 ","8.4 "
"254","2013","9","11","29.8 ","73 ","0.0 ","7.4 "
"255","2013","9","12","29.1 ","77 ","T ","2.7 "
"256","2013","9","13","29.2 ","73 ","0.0 ","8.4 "
"257","2013","9","14","29.4 ","73 ","0.0 ","8.6 "
"258","2013","9","15","28.7 ","77 ","43.5 ","8.0 "
"259","2013","9","16","28.8 ","78 ","0.2 ","8.2 "
"260","2013","9","17","28.9 ","73 ","0.0 ","8.1 "
"261","2013","9","18","29.1 ","72 ","0.0 ","9.7 "
"262","2013","9","19","29.6 ","72 ","0.0 ","10.2 "
"263","2013","9","20","29.3 ","75 ","0.0 ","2.0 "
"264","2013","9","21","27.8 ","81 ","1.5 ","0.0 "
"265","2013","9","22","27.7 ","80 ","12.5 ","0.0 "
"266","2013","9","23","28.6 ","76 ","1.0 ","2.1 "
"267","2013","9","24","27.9 ","82 ","0.0 ","2.1 "
"268","2013","9","25","27.8 ","80 ","1.5 ","4.6 "
"269","2013","9","26","28.0 ","73 ","0.0 ","3.3 "
"270","2013","9","27","27.4 ","71 ","0.0 ","4.4 "
"271","2013","9","28","28.2 ","73 ","0.0 ","7.4 "
"272","2013","9","29","28.9 ","74 ","0.0 ","7.8 "
"273","2013","9","30","29.0 ","76 ","0.0 ","4.6 "
"274","2013","10","1","29.0 ","75 ","0.0 ","4.3 "
"275","2013","10","2","27.1 ","72 ","0.0 ","3.5 "
"276","2013","10","3","25.8 ","60 ","0.0 ","9.0 "
"277","2013","10","4","25.6 ","64 ","0.0 ","7.7 "
"278","2013","10","5","26.0 ","74 ","0.0 ","6.3 "
"279","2013","10","6","26.5 ","75 ","0.0 ","0.5 "
"280","2013","10","7","27.5 ","74 ","0.0 ","10.3 "
"281","2013","10","8","28.1 ","72 ","0.0 ","9.8 "
"282","2013","10","9","28.3 ","73 ","0.0 ","7.7 "
"283","2013","10","10","28.2 ","77 ","0.0 ","8.3 "
"284","2013","10","11","28.4 ","75 ","0.0 ","5.7 "
"285","2013","10","12","28.0 ","77 ","0.0 ","6.2 "
"286","2013","10","13","28.1 ","74 ","0.0 ","4.0 "
"287","2013","10","14","27.8 ","74 ","0.0 ","9.2 "
"288","2013","10","15","27.0 ","70 ","0.0 ","6.6 "
"289","2013","10","16","24.7 ","59 ","0.0 ","8.2 "
"290","2013","10","17","24.5 ","63 ","0.0 ","8.7 "
"291","2013","10","18","25.7 ","67 ","0.0 ","9.6 "
"292","2013","10","19","26.1 ","69 ","0.0 ","8.2 "
"293","2013","10","20","25.5 ","70 ","0.0 ","8.4 "
"294","2013","10","21","24.8 ","68 ","0.0 ","3.4 "
"295","2013","10","22","23.3 ","67 ","0.0 ","2.5 "
"296","2013","10","23","23.3 ","68 ","0.0 ","5.9 "
"297","2013","10","24","23.0 ","68 ","0.0 ","9.2 "
"298","2013","10","25","22.5 ","60 ","0.0 ","5.1 "
"299","2013","10","26","21.8 ","62 ","0.0 ","8.0 "
"300","2013","10","27","22.4 ","64 ","0.0 ","9.6 "
"301","2013","10","28","23.7 ","64 ","0.0 ","10.1 "
"302","2013","10","29","24.2 ","66 ","0.0 ","9.9 "
"303","2013","10","30","25.2 ","67 ","0.0 ","9.2 "
"304","2013","10","31","25.4 ","70 ","0.0 ","7.2 "
"305","2013","11","1","25.4 ","78 ","0.0 ","2.3 "
"306","2013","11","2","25.7 ","84 ","1.5 ","1.0 "
"307","2013","11","3","26.1 ","81 ","0.0 ","2.5 "
"308","2013","11","4","25.5 ","76 ","0.0 ","1.9 "
"309","2013","11","5","25.1 ","75 ","0.0 ","2.1 "
"310","2013","11","6","25.0 ","78 ","0.0 ","0.4 "
"311","2013","11","7","25.4 ","79 ","0.0 ","5.0 "
"312","2013","11","8","25.9 ","76 ","0.0 ","8.7 "
"313","2013","11","9","25.4 ","80 ","0.0 ","0.1 "
"314","2013","11","10","26.2 ","82 ","0.0 ","0.2 "
"315","2013","11","11","26.0 ","79 ","0.0 ","1.1 "
"316","2013","11","12","24.0 ","75 ","0.0 ","4.1 "
"317","2013","11","13","24.4 ","76 ","0.0 ","6.7 "
"318","2013","11","14","23.6 ","76 ","0.0 ","3.3 "
"319","2013","11","15","24.1 ","75 ","0.0 ","5.1 "
"320","2013","11","16","22.9 ","74 ","0.0 ","8.4 "
"321","2013","11","17","21.3 ","61 ","0.0 ","6.2 "
"322","2013","11","18","20.3 ","46 ","0.0 ","8.2 "
"323","2013","11","19","19.4 ","53 ","0.0 ","1.9 "
"324","2013","11","20","20.5 ","61 ","0.1 ","0.1 "
"325","2013","11","21","22.1 ","64 ","T ","0.8 "
"326","2013","11","22","21.0 ","78 ","T ","0.0 "
"327","2013","11","23","22.8 ","72 ","0.0 ","9.6 "
"328","2013","11","24","23.5 ","73 ","0.0 ","7.7 "
"329","2013","11","25","21.1 ","73 ","4.5 ","6.8 "
"330","2013","11","26","21.2 ","70 ","0.0 ","4.3 "
"331","2013","11","27","21.6 ","70 ","0.0 ","8.9 "
"332","2013","11","28","16.4 ","66 ","0.0 ","0.4 "
"333","2013","11","29","15.9 ","50 ","0.0 ","9.4 "
"334","2013","11","30","17.0 ","62 ","0.0 ","9.8 "
"335","2013","12","1","18.6 ","63 ","0.0 ","9.4 "
"336","2013","12","2","18.8 ","65 ","0.0 ","9.2 "
"337","2013","12","3","19.5 ","63 ","0.0 ","9.5 "
"338","2013","12","4","19.1 ","63 ","0.0 ","9.5 "
"339","2013","12","5","19.4 ","54 ","0.0 ","9.2 "
"340","2013","12","6","20.7 ","53 ","0.0 ","7.6 "
"341","2013","12","7","21.8 ","67 ","0.0 ","5.4 "
"342","2013","12","8","22.4 ","75 ","0.0 ","2.2 "
"343","2013","12","9","22.8 ","73 ","0.0 ","7.7 "
"344","2013","12","10","19.5 ","66 ","0.0 ","1.4 "
"345","2013","12","11","17.9 ","66 ","0.0 ","0.6 "
"346","2013","12","12","19.0 ","65 ","0.0 ","2.5 "
"347","2013","12","13","21.0 ","71 ","0.0 ","1.4 "
"348","2013","12","14","20.4 ","81 ","1.0 ","0.9 "
"349","2013","12","15","21.4 ","85 ","0.0 ","1.6 "
"350","2013","12","16","21.5 ","84 ","9.5 ","2.8 "
"351","2013","12","17","16.9 ","89 ","8.5 ","0.0 "
"352","2013","12","18","16.5 ","76 ","2.0 ","4.9 "
"353","2013","12","19","14.5 ","74 ","0.0 ","0.2 "
"354","2013","12","20","15.1 ","78 ","0.1 ","0.9 "
"355","2013","12","21","15.3 ","78 ","T ","2.5 "
"356","2013","12","22","15.8 ","73 ","0.0 ","3.3 "
"357","2013","12","23","17.6 ","75 ","0.0 ","7.8 "
"358","2013","12","24","16.8 ","79 ","0.0 ","3.8 "
"359","2013","12","25","17.5 ","79 ","0.0 ","2.2 "
"360","2013","12","26","16.4 ","75 ","0.0 ","2.6 "
"361","2013","12","27","12.7 ","60 ","0.0 ","7.0 "
"362","2013","12","28","13.1 ","70 ","0.0 ","0.1 "
"363","2013","12","29","14.2 ","73 ","0.0 ","5.5 "
"364","2013","12","30","16.0 ","74 ","0.0 ","6.8 "
"365","2013","12","31","17.2 ","73 ","0.0 ","8.2 "
"366","2014","1","1","17.9 ","71 ","0.0 ","9.3 "
"367","2014","1","2","20.6 ","68 ","0.0 ","8.4 "
"368","2014","1","3","22.4 ","70 ","0.0 ","8.6 "
"369","2014","1","4","19.6 ","67 ","0.0 ","7.5 "
"370","2014","1","5","17.4 ","64 ","0.0 ","7.8 "
"371","2014","1","6","18.3 ","66 ","0.0 ","6.4 "
"372","2014","1","7","20.1 ","68 ","0.0 ","8.4 "
"373","2014","1","8","20.7 ","69 ","0.0 ","8.9 "
"374","2014","1","9","16.0 ","70 ","0.0 ","6.2 "
"375","2014","1","10","16.6 ","73 ","0.0 ","8.2 "
"376","2014","1","11","18.5 ","76 ","0.0 ","8.4 "
"377","2014","1","12","18.2 ","79 ","0.0 ","7.3 "
"378","2014","1","13","16.6 ","75 ","0.0 ","8.2 "
"379","2014","1","14","15.3 ","76 ","0.0 ","3.0 "
"380","2014","1","15","15.9 ","63 ","0.0 ","7.9 "
"381","2014","1","16","16.7 ","65 ","0.0 ","9.4 "
"382","2014","1","17","17.5 ","69 ","0.0 ","9.2 "
"383","2014","1","18","15.4 ","61 ","0.0 ","9.0 "
"384","2014","1","19","15.2 ","66 ","0.0 ","8.8 "
"385","2014","1","20","16.0 ","73 ","0.0 ","9.3 "
"386","2014","1","21","14.1 ","64 ","0.0 ","2.5 "
"387","2014","1","22","12.9 ","59 ","0.0 ","9.1 "
"388","2014","1","23","14.7 ","65 ","0.0 ","9.9 "
"389","2014","1","24","16.8 ","58 ","0.0 ","9.8 "
"390","2014","1","25","19.2 ","49 ","0.0 ","10.2 "
"391","2014","1","26","18.3 ","61 ","0.0 ","5.4 "
"392","2014","1","27","17.1 ","70 ","0.0 ","8.6 "
"393","2014","1","28","18.3 ","77 ","0.0 ","9.3 "
"394","2014","1","29","19.2 ","76 ","0.0 ","9.1 "
"395","2014","1","30","20.3 ","71 ","0.0 ","9.6 "
"396","2014","1","31","20.9 ","69 ","0.0 ","7.8 "
"397","2014","2","1","21.6 ","65 ","0.0 ","9.6 "
"398","2014","2","2","22.4 ","67 ","T ","3.3 "
"399","2014","2","3","23.3 ","78 ","0.5 ","6.4 "
"400","2014","2","4","19.7 ","76 ","0.0 ","1.1 "
"401","2014","2","5","20.4 ","76 ","0.0 ","5.3 "
"402","2014","2","6","22.8 ","81 ","0.0 ","6.7 "
"403","2014","2","7","22.4 ","79 ","0.0 ","5.7 "
"404","2014","2","8","20.4 ","74 ","0.0 ","7.0 "
"405","2014","2","9","18.4 ","74 ","0.0 ","2.8 "
"406","2014","2","10","11.8 ","83 ","3.5 ","0.0 "
"407","2014","2","11","11.3 ","78 ","3.5 ","2.0 "
"408","2014","2","12","14.7 ","74 ","0.0 ","1.6 "
"409","2014","2","13","15.7 ","82 ","T ","1.1 "
"410","2014","2","14","13.5 ","81 ","1.5 ","1.7 "
"411","2014","2","15","15.5 ","74 ","0.0 ","1.9 "
"412","2014","2","16","18.2 ","75 ","0.0 ","8.6 "
"413","2014","2","17","21.3 ","75 ","0.0 ","9.7 "
"414","2014","2","18","22.0 ","77 ","0.0 ","8.3 "
"415","2014","2","19","14.1 ","77 ","T ","0.9 "
"416","2014","2","20","13.6 ","66 ","0.5 ","9.4 "
"417","2014","2","21","14.5 ","63 ","0.0 ","10.2 "
"418","2014","2","22","16.9 ","72 ","0.0 ","10.1 "
"419","2014","2","23","17.5 ","80 ","0.0 ","9.6 "
"420","2014","2","24","18.4 ","74 ","0.0 ","9.6 "
"421","2014","2","25","19.3 ","73 ","0.0 ","9.6 "
"422","2014","2","26","22.2 ","63 ","0.0 ","9.2 "
"423","2014","2","27","21.3 ","75 ","0.0 ","7.7 "
"424","2014","2","28","20.8 ","78 ","0.0 ","5.4 "
"425","2014","3","1","22.4 ","76 ","0.0 ","5.4 "
"426","2014","3","2","20.6 ","76 ","0.0 ","6.1 "
"427","2014","3","3","18.5 ","74 ","0.0 ","1.8 "
"428","2014","3","4","20.0 ","74 ","0.0 ","7.6 "
"429","2014","3","5","19.4 ","71 ","0.0 ","4.7 "
"430","2014","3","6","18.3 ","71 ","0.0 ","2.1 "
"431","2014","3","7","18.0 ","74 ","0.0 ","4.6 "
"432","2014","3","8","18.0 ","78 ","0.0 ","2.1 "
"433","2014","3","9","16.2 ","73 ","0.0 ","0.8 "
"434","2014","3","10","17.4 ","71 ","0.0 ","0.5 "
"435","2014","3","11","17.9 ","81 ","0.0 ","0.2 "
"436","2014","3","12","21.3 ","79 ","0.0 ","0.0 "
"437","2014","3","13","21.9 ","74 ","T ","5.4 "
"438","2014","3","14","18.3 ","57 ","0.0 ","3.6 "
"439","2014","3","15","19.8 ","62 ","0.0 ","7.9 "
"440","2014","3","16","20.7 ","60 ","0.0 ","7.6 "
"441","2014","3","17","23.1 ","60 ","0.0 ","8.9 "
"442","2014","3","18","24.2 ","68 ","0.0 ","6.7 "
"443","2014","3","19","24.8 ","76 ","0.0 ","6.9 "
"444","2014","3","20","22.9 ","75 ","0.0 ","3.5 "
"445","2014","3","21","15.8 ","67 ","0.0 ","0.0 "
"446","2014","3","22","19.7 ","63 ","0.0 ","6.6 "
"447","2014","3","23","20.7 ","70 ","0.0 ","8.8 "
"448","2014","3","24","21.7 ","71 ","0.0 ","9.3 "
"449","2014","3","25","23.9 ","63 ","0.0 ","9.2 "
"450","2014","3","26","26.2 ","67 ","0.0 ","7.8 "
"451","2014","3","27","26.2 ","73 ","0.1 ","4.4 "
"452","2014","3","28","26.4 ","76 ","0.0 ","9.6 "
"453","2014","3","29","26.9 ","78 ","0.0 ","8.7 "
"454","2014","3","30","26.4 ","71 ","0.0 ","7.0 "
"455","2014","3","31","23.7 ","80 ","27.5 ","0.6 "
"456","2014","4","1","22.0 ","81 ","0.5 ","0.5 "
"457","2014","4","2","21.1 ","81 ","8.5 ","0.9 "
"458","2014","4","3","21.7 ","83 ","2.5 ","0.0 "
"459","2014","4","4","21.9 ","73 ","0.0 ","0.9 "
"460","2014","4","5","22.8 ","70 ","0.0 ","8.5 "
"461","2014","4","6","23.2 ","71 ","0.0 ","1.6 "
"462","2014","4","7","21.8 ","78 ","0.0 ","0.0 "
"463","2014","4","8","23.7 ","75 ","0.0 ","5.3 "
"464","2014","4","9","24.8 ","74 ","0.0 ","10.3 "
"465","2014","4","10","25.0 ","74 ","0.0 ","7.3 "
"466","2014","4","11","25.2 ","68 ","0.0 ","8.9 "
"467","2014","4","12","26.3 ","66 ","0.0 ","9.2 "
"468","2014","4","13","27.0 ","70 ","0.0 ","10.9 "
"469","2014","4","14","25.2 ","70 ","0.0 ","7.5 "
"470","2014","4","15","23.4 ","69 ","0.0 ","5.0 "
"471","2014","4","16","25.0 ","71 ","0.0 ","6.2 "
"472","2014","4","17","26.3 ","70 ","0.0 ","9.7 "
"473","2014","4","18","26.5 ","74 ","0.0 ","2.3 "
"474","2014","4","19","25.9 ","78 ","0.5 ","3.2 "
"475","2014","4","20","26.4 ","75 ","0.0 ","1.1 "
"476","2014","4","21","26.6 ","73 ","0.0 ","7.3 "
"477","2014","4","22","26.7 ","72 ","0.0 ","6.8 "
"478","2014","4","23","25.4 ","70 ","0.0 ","5.9 "
"479","2014","4","24","26.6 ","70 ","0.0 ","5.9 "
"480","2014","4","25","26.7 ","74 ","0.0 ","7.4 "
"481","2014","4","26","27.0 ","75 ","0.0 ","2.5 "
"482","2014","4","27","27.3 ","73 ","0.0 ","10.8 "
"483","2014","4","28","26.6 ","70 ","0.0 ","5.1 "
"484","2014","4","29","26.3 ","62 ","0.0 ","9.2 "
"485","2014","4","30","25.2 ","67 ","0.0 ","0.4 "
"486","2014","5","1","23.0 ","82 ","1.0 ","0.0 "
"487","2014","5","2","24.4 ","83 ","0.0 ","0.0 "
"488","2014","5","3","26.4 ","77 ","1.0 ","3.9 "
"489","2014","5","4","26.2 ","75 ","0.5 ","2.5 "
"490","2014","5","5","24.0 ","78 ","28.0 ","2.2 "
"491","2014","5","6","19.7 ","87 ","2.0 ","0.0 "
"492","2014","5","7","22.8 ","85 ","0.0 ","0.5 "
"493","2014","5","8","25.3 ","76 ","0.0 ","6.7 "
"494","2014","5","9","23.9 ","86 ","33.0 ","0.0 "
"495","2014","5","10","25.8 ","74 ","2.0 ","1.2 "
"496","2014","5","11","28.9 ","68 ","0.0 ","7.0 "
"497","2014","5","12","27.9 ","77 ","12.5 ","5.9 "
"498","2014","5","13","27.4 ","82 ","4.5 ","3.0 "
"499","2014","5","14","28.5 ","77 ","0.0 ","8.6 "
"500","2014","5","15","28.7 ","81 ","2.5 ","5.2 "
"501","2014","5","16","28.7 ","84 ","1.0 ","6.1 "
"502","2014","5","17","29.1 ","76 ","0.0 ","10.6 "
"503","2014","5","18","28.5 ","79 ","2.5 ","1.5 "
"504","2014","5","19","28.1 ","80 ","1.0 ","1.8 "
"505","2014","5","20","27.7 ","82 ","14.5 ","2.9 "
"506","2014","5","21","26.5 ","87 ","28.0 ","1.4 "
"507","2014","5","22","28.9 ","73 ","0.0 ","8.9 "
"508","2014","5","23","27.6 ","80 ","3.0 ","0.1 "
"509","2014","5","24","29.3 ","72 ","0.0 ","8.5 "
"510","2014","5","25","29.4 ","73 ","0.0 ","9.0 "
"511","2014","5","26","29.5 ","75 ","0.0 ","10.7 "
"512","2014","5","27","29.0 ","79 ","5.0 ","6.7 "
"513","2014","5","28","28.5 ","86 ","39.5 ","5.0 "
"514","2014","5","29","29.2 ","81 ","0.0 ","6.3 "
"515","2014","5","30","29.2 ","77 ","0.0 ","3.9 "
"516","2014","5","31","29.8 ","75 ","0.0 ","11.8 "
"517","2014","6","1","29.9 ","73 ","0.0 ","9.7 "
"518","2014","6","2","30.1 ","74 ","0.0 ","8.2 "
"519","2014","6","3","28.0 ","83 ","6.5 ","0.0 "
"520","2014","6","4","28.6 ","78 ","0.5 ","6.2 "
"521","2014","6","5","28.2 ","83 ","34.5 ","2.1 "
"522","2014","6","6","28.8 ","78 ","26.5 ","4.2 "
"523","2014","6","7","27.9 ","80 ","3.5 ","2.5 "
"524","2014","6","8","27.8 ","82 ","1.5 ","1.5 "
"525","2014","6","9","28.4 ","82 ","0.1 ","0.6 "
"526","2014","6","10","28.3 ","82 ","0.0 ","3.1 "
"527","2014","6","11","27.8 ","82 ","3.0 ","1.4 "
"528","2014","6","12","28.5 ","79 ","T ","6.1 "
"529","2014","6","13","27.7 ","80 ","6.5 ","0.8 "
"530","2014","6","14","27.2 ","89 ","13.5 ","0.0 "
"531","2014","6","15","27.9 ","88 ","5.5 ","1.1 "
"532","2014","6","16","29.1 ","82 ","2.0 ","8.0 "
"533","2014","6","17","29.4 ","83 ","1.0 ","8.2 "
"534","2014","6","18","29.6 ","81 ","0.0 ","10.3 "
"535","2014","6","19","29.5 ","81 ","0.0 ","8.5 "
"536","2014","6","20","29.9 ","79 ","0.0 ","11.2 "
"537","2014","6","21","30.0 ","76 ","0.0 ","9.3 "
"538","2014","6","22","29.9 ","76 ","T ","8.4 "
"539","2014","6","23","30.0 ","76 ","0.1 ","10.1 "
"540","2014","6","24","29.4 ","80 ","6.0 ","8.9 "
"541","2014","6","25","28.7 ","85 ","14.3 ","5.4 "
"542","2014","6","26","29.4 ","80 ","0.3 ","8.2 "
"543","2014","6","27","30.2 ","77 ","0.0 ","10.5 "
"544","2014","6","28","30.6 ","75 ","9.0 ","9.1 "
"545","2014","6","29","30.2 ","78 ","T ","11.2 "
"546","2014","6","30","30.4 ","78 ","0.0 ","7.6 "
"547","2014","7","1","30.4 ","78 ","0.0 ","10.2 "
"548","2014","7","2","30.5 ","75 ","0.0 ","10.9 "
"549","2014","7","3","30.7 ","75 ","0.5 ","11.0 "
"550","2014","7","4","30.6 ","74 ","0.0 ","4.1 "
"551","2014","7","5","31.2 ","69 ","0.0 ","6.1 "
"552","2014","7","6","31.3 ","72 ","0.0 ","6.1 "
"553","2014","7","7","31.2 ","75 ","0.0 ","7.5 "
"554","2014","7","8","30.8 ","74 ","0.0 ","8.2 "
"555","2014","7","9","30.4 ","78 ","0.2 ","7.0 "
"556","2014","7","10","30.6 ","77 ","2.0 ","10.4 "
"557","2014","7","11","30.3 ","79 ","1.0 ","9.7 "
"558","2014","7","12","30.8 ","76 ","0.0 ","12.4 "
"559","2014","7","13","31.1 ","74 ","0.0 ","12.3 "
"560","2014","7","14","31.2 ","73 ","0.0 ","11.6 "
"561","2014","7","15","31.0 ","74 ","0.0 ","8.1 "
"562","2014","7","16","31.6 ","71 ","0.0 ","9.0 "
"563","2014","7","17","30.9 ","73 ","0.0 ","3.4 "
"564","2014","7","18","29.1 ","78 ","4.0 ","4.3 "
"565","2014","7","19","29.3 ","77 ","2.5 ","5.8 "
"566","2014","7","20","29.9 ","77 ","4.5 ","X "
"567","2014","7","21","30.5 ","77 ","T ","X "
"568","2014","7","22","30.6 ","77 ","1.0 ","X "
"569","2014","7","23","28.5 ","89 ","56.5 ","0.0 "
"570","2014","7","24","29.0 ","85 ","15.5 ","X "
"571","2014","7","25","28.5 ","85 ","16.0 ","7.2 "
"572","2014","7","26","29.7 ","78 ","0.0 ","5.9 "
"573","2014","7","27","30.0 ","75 ","0.0 ","8.0 "
"574","2014","7","28","30.2 ","75 ","0.0 ","7.7 "
"575","2014","7","29","30.4 ","75 ","13.5 ","X "
"576","2014","7","30","30.6 ","78 ","0.2 ","X "
"577","2014","7","31","30.3 ","80 ","6.0 ","X "
"578","2014","8","1","30.3 ","80 ","0.0 ","X "
"579","2014","8","2","29.8 ","82 ","7.5 ","7.7 "
"580","2014","8","3","30.3 ","78 ","0.0 ","10.2 "
"581","2014","8","4","30.0 ","77 ","1.0 ","7.2 "
"582","2014","8","5","28.9 ","80 ","3.5 ","3.7 "
"583","2014","8","6","29.6 ","76 ","1.0 ","5.5 "
"584","2014","8","7","28.6 ","84 ","54.5 ","6.1 "
"585","2014","8","8","29.0 ","83 ","1.0 ","6.9 "
"586","2014","8","9","27.4 ","91 ","74.5 ","2.5 "
"587","2014","8","10","27.6 ","92 ","51.5 ","0.1 "
"588","2014","8","11","26.9 ","92 ","93.0 ","2.2 "
"589","2014","8","12","25.9 ","97 ","255.0 ","0.0 "
"590","2014","8","13","26.1 ","94 ","60.0 ","0.0 "
"591","2014","8","14","28.6 ","84 ","3.5 ","7.3 "
"592","2014","8","15","29.5 ","83 ","0.0 ","9.9 "
"593","2014","8","16","29.4 ","80 ","0.0 ","7.8 "
"594","2014","8","17","29.7 ","74 ","0.0 ","7.1 "
"595","2014","8","18","28.2 ","83 ","27.0 ","1.8 "
"596","2014","8","19","28.2 ","80 ","0.0 ","8.1 "
"597","2014","8","20","28.3 ","77 ","9.0 ","8.3 "
"598","2014","8","21","29.0 ","75 ","0.0 ","11.6 "
"599","2014","8","22","29.7 ","73 ","0.0 ","9.4 "
"600","2014","8","23","30.0 ","68 ","0.0 ","10.7 "
"601","2014","8","24","30.3 ","71 ","0.0 ","10.9 "
"602","2014","8","25","29.8 ","79 ","28.0 ","6.7 "
"603","2014","8","26","30.3 ","73 ","0.0 ","10.2 "
"604","2014","8","27","30.0 ","73 ","0.0 ","8.6 "
"605","2014","8","28","29.7 ","71 ","1.6 ","10.8 "
"606","2014","8","29","29.0 ","77 ","4.0 ","8.9 "
"607","2014","8","30","29.3 ","74 ","0.0 ","9.6 "
"608","2014","8","31","29.2 ","77 ","6.5 ","5.1 "
"609","2014","9","1","29.8 ","75 ","0.0 ","9.1 "
"610","2014","9","2","30.0 ","74 ","0.0 ","8.9 "
"611","2014","9","3","29.9 ","76 ","0.0 ","9.2 "
"612","2014","9","4","29.6 ","72 ","0.0 ","8.5 "
"613","2014","9","5","30.2 ","73 ","0.0 ","9.8 "
"614","2014","9","6","30.4 ","75 ","T ","9.1 "
"615","2014","9","7","29.7 ","78 ","0.5 ","3.9 "
"616","2014","9","8","29.7 ","78 ","0.3 ","5.4 "
"617","2014","9","9","29.8 ","75 ","0.5 ","7.6 "
"618","2014","9","10","29.5 ","74 ","0.0 ","6.8 "
"619","2014","9","11","30.0 ","75 ","1.0 ","5.8 "
"620","2014","9","12","29.6 ","78 ","38.0 ","8.2 "
"621","2014","9","13","29.8 ","76 ","2.0 ","7.9 "
"622","2014","9","14","30.4 ","75 ","0.0 ","8.9 "
"623","2014","9","15","31.1 ","75 ","0.0 ","9.9 "
"624","2014","9","16","30.5 ","77 ","0.0 ","5.4 "
"625","2014","9","17","30.4 ","77 ","0.2 ","7.1 "
"626","2014","9","18","30.2 ","80 ","0.0 ","6.1 "
"627","2014","9","19","30.5 ","77 ","0.0 ","4.9 "
"628","2014","9","20","28.7 ","83 ","26.5 ","1.3 "
"629","2014","9","21","26.6 ","92 ","18.0 ","0.0 "
"630","2014","9","22","27.2 ","84 ","1.0 ","1.4 "
"631","2014","9","23","27.5 ","84 ","T ","1.9 "
"632","2014","9","24","28.7 ","79 ","0.0 ","9.8 "
"633","2014","9","25","29.0 ","77 ","0.0 ","8.8 "
"634","2014","9","26","29.5 ","74 ","0.0 ","10.7 "
"635","2014","9","27","29.8 ","75 ","0.0 ","8.9 "
"636","2014","9","28","29.3 ","76 ","0.0 ","7.9 "
"637","2014","9","29","29.4 ","71 ","0.0 ","7.9 "
"638","2014","9","30","29.3 ","73 ","0.0 ","8.2 "
"639","2014","10","1","29.3 ","72 ","0.0 ","8.9 "
"640","2014","10","2","28.4 ","77 ","1.5 ","5.2 "
"641","2014","10","3","28.0 ","70 ","0.0 ","6.3 "
"642","2014","10","4","26.1 ","63 ","0.0 ","6.7 "
"643","2014","10","5","26.0 ","66 ","0.0 ","4.8 "
"644","2014","10","6","26.2 ","65 ","0.0 ","10.3 "
"645","2014","10","7","25.8 ","62 ","0.0 ","9.6 "
"646","2014","10","8","26.5 ","63 ","0.0 ","7.8 "
"647","2014","10","9","26.8 ","68 ","0.0 ","9.0 "
"648","2014","10","10","27.2 ","73 ","0.0 ","8.7 "
"649","2014","10","11","26.6 ","73 ","0.0 ","10.4 "
"650","2014","10","12","26.0 ","67 ","0.0 ","10.6 "
"651","2014","10","13","26.2 ","63 ","0.0 ","10.7 "
"652","2014","10","14","24.8 ","63 ","0.0 ","9.8 "
"653","2014","10","15","24.4 ","61 ","0.0 ","9.8 "
"654","2014","10","16","24.6 ","63 ","0.0 ","7.0 "
"655","2014","10","17","25.2 ","63 ","0.0 ","10.3 "
"656","2014","10","18","25.9 ","67 ","0.0 ","10.2 "
"657","2014","10","19","26.4 ","70 ","0.0 ","10.7 "
"658","2014","10","20","27.1 ","74 ","0.0 ","10.6 "
"659","2014","10","21","27.7 ","69 ","0.0 ","10.0 "
"660","2014","10","22","27.3 ","67 ","0.0 ","10.4 "
"661","2014","10","23","26.0 ","65 ","0.0 ","8.9 "
"662","2014","10","24","25.8 ","68 ","0.0 ","10.1 "
"663","2014","10","25","26.1 ","74 ","0.0 ","7.5 "
"664","2014","10","26","26.2 ","78 ","0.0 ","8.5 "
"665","2014","10","27","27.0 ","75 ","0.0 ","5.6 "
"666","2014","10","28","26.3 ","68 ","0.0 ","9.4 "
"667","2014","10","29","26.1 ","71 ","0.0 ","10.1 "
"668","2014","10","30","26.2 ","74 ","0.0 ","9.9 "
"669","2014","10","31","26.4 ","73 ","0.0 ","9.2 "
"670","2014","11","1","26.5 ","73 ","0.0 ","8.4 "
"671","2014","11","2","25.8 ","74 ","0.0 ","8.2 "
"672","2014","11","3","23.1 ","62 ","0.0 ","3.6 "
"673","2014","11","4","23.5 ","62 ","0.0 ","7.2 "
"674","2014","11","5","24.0 ","66 ","0.0 ","10.3 "
"675","2014","11","6","24.1 ","69 ","0.0 ","5.2 "
"676","2014","11","7","24.7 ","69 ","0.0 ","7.7 "
"677","2014","11","8","25.1 ","73 ","0.0 ","4.6 "
"678","2014","11","9","24.4 ","74 ","0.0 ","7.8 "
"679","2014","11","10","24.1 ","73 ","0.0 ","9.2 "
"680","2014","11","11","24.3 ","71 ","0.0 ","8.2 "
"681","2014","11","12","24.4 ","70 ","0.0 ","6.7 "
"682","2014","11","13","22.4 ","70 ","0.0 ","2.0 "
"683","2014","11","14","21.8 ","74 ","0.0 ","2.2 "
"684","2014","11","15","23.0 ","73 ","0.0 ","2.0 "
"685","2014","11","16","23.4 ","78 ","0.0 ","3.8 "
"686","2014","11","17","22.6 ","78 ","0.2 ","1.5 "
"687","2014","11","18","21.5 ","67 ","0.0 ","6.2 "
"688","2014","11","19","22.0 ","68 ","0.0 ","9.8 "
"689","2014","11","20","22.0 ","74 ","0.0 ","10.1 "
"690","2014","11","21","23.1 ","77 ","0.0 ","9.1 "
"691","2014","11","22","23.4 ","78 ","0.0 ","9.9 "
"692","2014","11","23","24.5 ","74 ","0.0 ","10.1 "
"693","2014","11","24","24.2 ","74 ","0.0 ","10.1 "
"694","2014","11","25","24.0 ","76 ","0.0 ","9.4 "
"695","2014","11","26","24.3 ","74 ","0.0 ","9.4 "
"696","2014","11","27","25.0 ","75 ","0.0 ","8.8 "
"697","2014","11","28","25.4 ","80 ","0.0 ","6.8 "
"698","2014","11","29","25.4 ","81 ","0.0 ","3.4 "
"699","2014","11","30","26.2 ","78 ","0.0 ","8.0 "
"700","2014","12","1","23.1 ","69 ","0.0 ","6.5 "
"701","2014","12","2","17.6 ","77 ","0.0 ","0.0 "
"702","2014","12","3","20.8 ","76 ","0.0 ","0.6 "
"703","2014","12","4","17.4 ","82 ","6.5 ","0.1 "
"704","2014","12","5","16.1 ","75 ","1.0 ","2.9 "
"705","2014","12","6","17.7 ","68 ","0.0 ","7.3 "
"706","2014","12","7","19.9 ","71 ","0.0 ","9.2 "
"707","2014","12","8","19.2 ","77 ","0.0 ","9.0 "
"708","2014","12","9","19.6 ","74 ","0.0 ","0.8 "
"709","2014","12","10","21.3 ","80 ","0.0 ","1.5 "
"710","2014","12","11","20.7 ","78 ","0.0 ","2.2 "
"711","2014","12","12","16.1 ","74 ","0.0 ","0.0 "
"712","2014","12","13","16.7 ","61 ","0.0 ","5.8 "
"713","2014","12","14","18.2 ","65 ","0.0 ","7.8 "
"714","2014","12","15","20.1 ","74 ","0.0 ","2.5 "
"715","2014","12","16","17.8 ","65 ","0.0 ","9.8 "
"716","2014","12","17","14.0 ","52 ","0.0 ","6.0 "
"717","2014","12","18","15.8 ","61 ","0.0 ","5.1 "
"718","2014","12","19","16.6 ","73 ","T ","0.0 "
"719","2014","12","20","17.5 ","73 ","0.5 ","2.7 "
"720","2014","12","21","17.1 ","70 ","0.0 ","6.6 "
"721","2014","12","22","15.4 ","62 ","0.0 ","9.2 "
"722","2014","12","23","17.6 ","64 ","0.0 ","0.2 "
"723","2014","12","24","19.8 ","71 ","0.0 ","0.5 "
"724","2014","12","25","18.0 ","77 ","T ","0.0 "
"725","2014","12","26","17.6 ","80 ","T ","0.3 "
"726","2014","12","27","17.7 ","80 ","0.0 ","0.8 "
"727","2014","12","28","16.7 ","83 ","T ","1.6 "
"728","2014","12","29","15.9 ","63 ","0.0 ","9.3 "
"729","2014","12","30","16.4 ","65 ","0.0 ","8.8 "
"730","2014","12","31","17.6 ","70 ","0.0 ","9.3 "
"731","2015","1","1","16.1 ","66 ","0.0 ","7.9 "
"732","2015","1","2","15.2 ","65 ","0.0 ","8.7 "
"733","2015","1","3","16.8 ","68 ","0.0 ","8.2 "
"734","2015","1","4","19.0 ","65 ","0.0 ","9.9 "
"735","2015","1","5","21.1 ","61 ","0.0 ","10.0 "
"736","2015","1","6","21.6 ","71 ","0.0 ","3.3 "
"737","2015","1","7","18.1 ","77 ","0.0 ","3.2 "
"738","2015","1","8","15.3 ","65 ","0.0 ","0.2 "
"739","2015","1","9","16.5 ","65 ","0.0 ","6.8 "
"740","2015","1","10","17.1 ","66 ","0.0 ","9.3 "
"741","2015","1","11","18.2 ","68 ","0.0 ","8.6 "
"742","2015","1","12","19.8 ","66 ","0.0 ","6.0 "
"743","2015","1","13","18.7 ","78 ","0.0 ","3.3 "
"744","2015","1","14","17.1 ","82 ","13.5 ","4.9 "
"745","2015","1","15","16.6 ","73 ","0.0 ","9.3 "
"746","2015","1","16","17.1 ","74 ","0.0 ","8.8 "
"747","2015","1","17","16.4 ","69 ","0.0 ","9.5 "
"748","2015","1","18","15.9 ","69 ","0.0 ","5.7 "
"749","2015","1","19","17.1 ","69 ","0.0 ","2.0 "
"750","2015","1","20","18.4 ","71 ","0.0 ","0.9 "
"751","2015","1","21","18.0 ","79 ","0.0 ","4.7 "
"752","2015","1","22","17.1 ","59 ","0.0 ","10.0 "
"753","2015","1","23","16.8 ","61 ","0.0 ","9.5 "
"754","2015","1","24","17.9 ","61 ","0.0 ","9.9 "
"755","2015","1","25","20.1 ","60 ","0.0 ","8.7 "
"756","2015","1","26","19.4 ","76 ","0.0 ","2.8 "
"757","2015","1","27","19.3 ","82 ","T ","1.6 "
"758","2015","1","28","18.3 ","74 ","0.0 ","2.8 "
"759","2015","1","29","18.5 ","77 ","0.0 ","8.4 "
"760","2015","1","30","17.6 ","79 ","0.0 ","2.9 "
"761","2015","1","31","16.4 ","75 ","0.0 ","7.4 "
"762","2015","2","1","17.0 ","74 ","0.0 ","9.7 "
"763","2015","2","2","17.9 ","77 ","0.0 ","9.9 "
"764","2015","2","3","17.9 ","80 ","0.0 ","8.9 "
"765","2015","2","4","17.2 ","77 ","0.0 ","7.0 "
"766","2015","2","5","14.4 ","69 ","0.0 ","4.8 "
"767","2015","2","6","14.4 ","67 ","0.0 ","2.1 "
"768","2015","2","7","16.2 ","75 ","0.0 ","4.9 "
"769","2015","2","8","16.1 ","69 ","0.0 ","2.5 "
"770","2015","2","9","13.4 ","62 ","0.0 ","3.6 "
"771","2015","2","10","14.8 ","69 ","0.0 ","10.0 "
"772","2015","2","11","16.2 ","72 ","0.0 ","10.1 "
"773","2015","2","12","17.5 ","59 ","0.0 ","9.6 "
"774","2015","2","13","18.0 ","61 ","0.0 ","9.8 "
"775","2015","2","14","19.8 ","56 ","0.0 ","5.1 "
"776","2015","2","15","21.9 ","53 ","0.0 ","3.9 "
"777","2015","2","16","21.3 ","77 ","7.5 ","7.3 "
"778","2015","2","17","20.6 ","79 ","0.0 ","3.6 "
"779","2015","2","18","20.1 ","74 ","0.0 ","9.4 "
"780","2015","2","19","19.5 ","72 ","0.0 ","9.4 "
"781","2015","2","20","20.1 ","73 ","0.0 ","8.2 "
"782","2015","2","21","21.4 ","75 ","14.0 ","0.5 "
"783","2015","2","22","21.9 ","84 ","0.5 ","6.6 "
"784","2015","2","23","21.0 ","85 ","0.0 ","2.1 "
"785","2015","2","24","21.2 ","82 ","0.0 ","7.0 "
"786","2015","2","25","22.6 ","78 ","0.0 ","9.1 "
"787","2015","2","26","23.7 ","77 ","0.0 ","9.5 "
"788","2015","2","27","21.3 ","78 ","0.0 ","4.6 "
"789","2015","2","28","22.1 ","76 ","0.0 ","7.4 "
"790","2015","3","1","19.9 ","74 ","0.0 ","9.5 "
"791","2015","3","2","19.0 ","69 ","0.0 ","5.1 "
"792","2015","3","3","22.4 ","75 ","0.0 ","9.9 "
"793","2015","3","4","20.1 ","75 ","0.0 ","0.3 "
"794","2015","3","5","20.6 ","74 ","0.0 ","9.9 "
"795","2015","3","6","20.7 ","76 ","0.0 ","7.4 "
"796","2015","3","7","20.8 ","76 ","0.0 ","7.1 "
"797","2015","3","8","20.5 ","78 ","0.0 ","7.2 "
"798","2015","3","9","21.9 ","69 ","0.0 ","10.1 "
"799","2015","3","10","16.9 ","73 ","0.0 ","0.0 "
"800","2015","3","11","17.3 ","73 ","0.0 ","1.3 "
"801","2015","3","12","17.5 ","76 ","0.0 ","1.3 "
"802","2015","3","13","19.4 ","75 ","0.0 ","10.1 "
"803","2015","3","14","21.9 ","75 ","0.0 ","9.3 "
"804","2015","3","15","24.5 ","75 ","0.0 ","9.9 "
"805","2015","3","16","24.5 ","83 ","1.6 ","4.2 "
"806","2015","3","17","25.0 ","79 ","0.0 ","8.8 "
"807","2015","3","18","24.8 ","73 ","0.0 ","10.4 "
"808","2015","3","19","25.3 ","74 ","0.0 ","10.8 "
"809","2015","3","20","24.2 ","79 ","0.0 ","7.0 "
"810","2015","3","21","23.8 ","78 ","0.0 ","2.3 "
"811","2015","3","22","22.7 ","74 ","0.0 ","0.2 "
"812","2015","3","23","20.8 ","73 ","3.5 ","2.3 "
"813","2015","3","24","20.6 ","76 ","0.0 ","5.1 "
"814","2015","3","25","19.5 ","76 ","0.0 ","2.3 "
"815","2015","3","26","20.8 ","78 ","0.0 ","1.8 "
"816","2015","3","27","22.0 ","78 ","0.0 ","5.7 "
"817","2015","3","28","22.5 ","67 ","0.0 ","6.4 "
"818","2015","3","29","23.8 ","65 ","0.0 ","10.2 "
"819","2015","3","30","25.4 ","68 ","0.0 ","9.2 "
"820","2015","3","31","25.9 ","78 ","0.0 ","4.5 "
"821","2015","4","1","26.1 ","82 ","0.0 ","9.8 "
"822","2015","4","2","26.5 ","79 ","0.0 ","10.8 "
"823","2015","4","3","26.4 ","79 ","0.0 ","11.1 "
"824","2015","4","4","26.6 ","77 ","0.0 ","11.5 "
"825","2015","4","5","27.6 ","72 ","0.0 ","10.8 "
"826","2015","4","6","27.2 ","74 ","2.0 ","3.4 "
"827","2015","4","7","24.7 ","77 ","0.0 ","2.1 "
"828","2015","4","8","20.7 ","67 ","0.0 ","5.8 "
"829","2015","4","9","22.4 ","68 ","0.0 ","10.3 "
"830","2015","4","10","23.1 ","70 ","0.0 ","8.2 "
"831","2015","4","11","18.3 ","86 ","11.2 ","0.0 "
"832","2015","4","12","20.7 ","83 ","1.0 ","5.6 "
"833","2015","4","13","22.1 ","62 ","T ","11.2 "
"834","2015","4","14","20.9 ","42 ","0.0 ","11.4 "
"835","2015","4","15","22.7 ","58 ","0.0 ","11.4 "
"836","2015","4","16","25.3 ","63 ","0.0 ","11.6 "
"837","2015","4","17","25.7 ","77 ","0.0 ","8.0 "
"838","2015","4","18","28.2 ","75 ","0.0 ","10.9 "
"839","2015","4","19","27.9 ","74 ","0.0 ","8.0 "
"840","2015","4","20","27.8 ","70 ","0.0 ","9.6 "
"841","2015","4","21","24.2 ","85 ","11.6 ","0.0 "
"842","2015","4","22","24.1 ","75 ","T ","8.6 "
"843","2015","4","23","24.5 ","73 ","0.0 ","7.5 "
"844","2015","4","24","25.0 ","78 ","0.0 ","8.8 "
"845","2015","4","25","25.5 ","74 ","0.0 ","8.8 "
"846","2015","4","26","25.3 ","70 ","0.0 ","11.0 "
"847","2015","4","27","26.3 ","71 ","0.0 ","10.5 "
"848","2015","4","28","27.5 ","69 ","0.0 ","10.0 "
"849","2015","4","29","26.8 ","77 ","0.0 ","7.7 "
"850","2015","4","30","27.3 ","74 ","0.0 ","9.0 "
"851","2015","5","1","27.4 ","73 ","0.0 ","4.7 "
"852","2015","5","2","27.8 ","75 ","0.0 ","11.3 "
"853","2015","5","3","27.8 ","77 ","0.0 ","9.4 "
"854","2015","5","4","28.0 ","79 ","3.5 ","8.5 "
"855","2015","5","5","26.2 ","80 ","0.5 ","2.0 "
"856","2015","5","6","27.3 ","77 ","0.0 ","10.3 "
"857","2015","5","7","28.2 ","74 ","0.0 ","10.3 "
"858","2015","5","8","28.2 ","76 ","0.0 ","9.2 "
"859","2015","5","9","29.1 ","75 ","0.0 ","11.7 "
"860","2015","5","10","28.6 ","74 ","0.0 ","6.1 "
"861","2015","5","11","27.5 ","77 ","0.0 ","2.2 "
"862","2015","5","12","27.2 ","80 ","44.5 ","2.8 "
"863","2015","5","13","27.5 ","77 ","0.0 ","5.0 "
"864","2015","5","14","28.4 ","77 ","0.0 ","11.8 "
"865","2015","5","15","28.6 ","77 ","0.0 ","11.9 "
"866","2015","5","16","28.8 ","76 ","0.0 ","10.5 "
"867","2015","5","17","28.8 ","73 ","0.0 ","11.8 "
"868","2015","5","18","29.1 ","73 ","0.0 ","12.4 "
"869","2015","5","19","29.4 ","72 ","0.0 ","11.4 "
"870","2015","5","20","28.0 ","78 ","34.0 ","0.8 "
"871","2015","5","21","24.9 ","86 ","34.0 ","0.0 "
"872","2015","5","22","25.4 ","92 ","23.5 ","0.8 "
"873","2015","5","23","25.3 ","94 ","34.5 ","0.0 "
"874","2015","5","24","25.8 ","95 ","63.0 ","0.0 "
"875","2015","5","25","25.8 ","96 ","22.5 ","0.0 "
"876","2015","5","26","26.7 ","88 ","11.0 ","0.0 "
"877","2015","5","27","27.8 ","82 ","0.5 ","2.1 "
"878","2015","5","28","28.2 ","88 ","18.5 ","6.6 "
"879","2015","5","29","29.4 ","84 ","0.0 ","8.5 "
"880","2015","5","30","29.3 ","85 ","1.5 ","7.0 "
"881","2015","5","31","27.3 ","85 ","8.5 ","0.2 "
"882","2015","6","1","28.9 ","79 ","T ","9.8 "
"883","2015","6","2","29.5 ","78 ","0.0 ","12.2 "
"884","2015","6","3","29.7 ","77 ","0.0 ","12.0 "
"885","2015","6","4","29.6 ","77 ","0.0 ","9.2 "
"886","2015","6","5","29.8 ","76 ","0.0 ","10.8 "
"887","2015","6","6","29.4 ","77 ","0.0 ","1.1 "
"888","2015","6","7","29.4 ","76 ","0.0 ","8.5 "
"889","2015","6","8","29.7 ","71 ","0.0 ","12.0 "
"890","2015","6","9","29.9 ","76 ","0.0 ","12.5 "
"891","2015","6","10","30.5 ","73 ","0.0 ","12.7 "
"892","2015","6","11","30.4 ","75 ","0.0 ","11.4 "
"893","2015","6","12","30.7 ","73 ","0.0 ","11.9 "
"894","2015","6","13","30.6 ","75 ","0.0 ","11.2 "
"895","2015","6","14","30.5 ","74 ","0.0 ","12.0 "
"896","2015","6","15","30.5 ","73 ","0.0 ","11.7 "
"897","2015","6","16","30.5 ","73 ","0.0 ","12.5 "
"898","2015","6","17","30.6 ","74 ","0.0 ","12.5 "
"899","2015","6","18","30.6 ","73 ","0.0 ","10.0 "
"900","2015","6","19","31.2 ","68 ","0.0 ","11.5 "
"901","2015","6","20","31.0 ","69 ","0.0 ","11.6 "
"902","2015","6","21","30.5 ","72 ","0.0 ","10.8 "
"903","2015","6","22","31.1 ","69 ","0.0 ","10.7 "
"904","2015","6","23","30.5 ","72 ","T ","10.0 "
"905","2015","6","24","30.9 ","71 ","0.0 ","9.2 "
"906","2015","6","25","30.6 ","77 ","12.0 ","10.2 "
"907","2015","6","26","31.1 ","75 ","0.0 ","11.4 "
"908","2015","6","27","30.8 ","78 ","7.0 ","10.7 "
"909","2015","6","28","31.0 ","75 ","0.0 ","10.9 "
"910","2015","6","29","30.8 ","75 ","0.0 ","10.1 "
"911","2015","6","30","30.9 ","73 ","0.0 ","11.0 "
"912","2015","7","1","30.8 ","76 ","4.0 ","7.1 "
"913","2015","7","2","30.6 ","80 ","4.5 ","7.5 "
"914","2015","7","3","30.7 ","76 ","0.0 ","11.0 "
"915","2015","7","4","30.7 ","75 ","0.0 ","8.3 "
"916","2015","7","5","29.7 ","81 ","2.0 ","5.5 "
"917","2015","7","6","28.8 ","84 ","1.0 ","1.6 "
"918","2015","7","7","27.9 ","89 ","15.0 ","0.9 "
"919","2015","7","8","27.0 ","93 ","19.0 ","0.0 "
"920","2015","7","9","29.4 ","81 ","0.0 ","9.0 "
"921","2015","7","10","28.8 ","79 ","0.0 ","2.5 "
"922","2015","7","11","29.2 ","82 ","1.0 ","4.0 "
"923","2015","7","12","29.2 ","84 ","2.5 ","4.5 "
"924","2015","7","13","29.0 ","84 ","9.0 ","8.0 "
"925","2015","7","14","29.7 ","75 ","0.0 ","10.0 "
"926","2015","7","15","29.6 ","77 ","0.0 ","10.0 "
"927","2015","7","16","30.2 ","74 ","0.0 ","6.8 "
"928","2015","7","17","30.5 ","72 ","0.0 ","11.4 "
"929","2015","7","18","29.1 ","82 ","9.5 ","3.6 "
"930","2015","7","19","26.8 ","92 ","35.0 ","1.4 "
"931","2015","7","20","27.7 ","85 ","67.0 ","0.7 "
"932","2015","7","21","29.6 ","69 ","0.0 ","8.9 "
"933","2015","7","22","27.3 ","82 ","38.0 ","1.6 "
"934","2015","7","23","28.6 ","78 ","0.0 ","6.2 "
"935","2015","7","24","28.8 ","76 ","0.0 ","9.9 "
"936","2015","7","25","29.1 ","79 ","0.0 ","9.7 "
"937","2015","7","26","29.6 ","78 ","0.0 ","8.9 "
"938","2015","7","27","28.3 ","80 ","16.5 ","6.3 "
"939","2015","7","28","27.8 ","75 ","1.0 ","5.0 "
"940","2015","7","29","28.9 ","73 ","0.0 ","6.5 "
"941","2015","7","30","29.3 ","73 ","0.0 ","12.2 "
"942","2015","7","31","29.8 ","73 ","0.0 ","11.2 "
"943","2015","8","1","29.7 ","75 ","T ","8.6 "
"944","2015","8","2","30.1 ","72 ","0.0 ","10.2 "
"945","2015","8","3","30.1 ","69 ","0.0 ","12.2 "
"946","2015","8","4","30.2 ","68 ","0.0 ","11.9 "
"947","2015","8","5","29.8 ","68 ","0.0 ","11.7 "
"948","2015","8","6","30.0 ","72 ","0.0 ","9.1 "
"949","2015","8","7","30.1 ","76 ","0.0 ","4.1 "
"950","2015","8","8","25.3 ","95 ","151.5 ","0.0 "
"951","2015","8","9","26.7 ","93 ","126.0 ","0.0 "
"952","2015","8","10","29.1 ","80 ","0.0 ","10.1 "
"953","2015","8","11","29.4 ","79 ","0.0 ","11.5 "
"954","2015","8","12","29.1 ","80 ","T ","8.6 "
"955","2015","8","13","28.2 ","81 ","13.5 ","3.7 "
"956","2015","8","14","28.3 ","82 ","16.5 ","5.9 "
"957","2015","8","15","28.6 ","79 ","1.0 ","3.4 "
"958","2015","8","16","28.7 ","82 ","5.5 ","4.4 "
"959","2015","8","17","27.7 ","83 ","16.5 ","1.0 "
"960","2015","8","18","29.1 ","78 ","0.0 ","4.2 "
"961","2015","8","19","29.0 ","80 ","0.0 ","5.9 "
"962","2015","8","20","29.3 ","79 ","0.0 ","7.1 "
"963","2015","8","21","30.3 ","77 ","0.0 ","8.2 "
"964","2015","8","22","30.1 ","79 ","0.0 ","3.0 "
"965","2015","8","23","29.1 ","84 ","1.5 ","2.5 "
"966","2015","8","24","29.3 ","80 ","4.5 ","3.5 "
"967","2015","8","25","27.8 ","86 ","25.6 ","3.4 "
"968","2015","8","26","26.6 ","92 ","56.5 ","0.1 "
"969","2015","8","27","26.1 ","92 ","25.5 ","0.5 "
"970","2015","8","28","25.7 ","89 ","20.5 ","0.0 "
"971","2015","8","29","24.6 ","91 ","89.0 ","0.0 "
"972","2015","8","30","25.3 ","88 ","39.5 ","0.0 "
"973","2015","8","31","25.8 ","87 ","36.5 ","0.9 "
"974","2015","9","1","28.0 ","79 ","0.0 ","2.7 "
"975","2015","9","2","28.6 ","78 ","0.5 ","8.6 "
"976","2015","9","3","29.4 ","72 ","0.0 ","7.3 "
"977","2015","9","4","29.5 ","75 ","0.0 ","9.8 "
"978","2015","9","5","29.3 ","76 ","0.0 ","8.6 "
"979","2015","9","6","29.5 ","79 ","0.0 ","8.9 "
"980","2015","9","7","26.5 ","90 ","49.5 ","0.0 "
"981","2015","9","8","27.8 ","81 ","0.0 ","3.3 "
"982","2015","9","9","28.5 ","74 ","0.0 ","8.9 "
"983","2015","9","10","27.9 ","73 ","0.0 ","6.4 "
"984","2015","9","11","28.2 ","68 ","0.0 ","10.2 "
"985","2015","9","12","28.8 ","67 ","0.0 ","8.7 "
"986","2015","9","13","28.8 ","69 ","0.0 ","9.2 "
"987","2015","9","14","28.9 ","70 ","T ","8.6 "
"988","2015","9","15","29.4 ","72 ","0.0 ","7.1 "
"989","2015","9","16","29.0 ","75 ","0.0 ","5.6 "
"990","2015","9","17","28.7 ","74 ","0.0 ","9.4 "
"991","2015","9","18","28.1 ","70 ","0.0 ","9.6 "
"992","2015","9","19","28.1 ","69 ","0.0 ","9.5 "
"993","2015","9","20","28.3 ","71 ","0.0 ","6.9 "
"994","2015","9","21","27.5 ","80 ","26.0 ","2.6 "
"995","2015","9","22","28.7 ","78 ","0.0 ","7.1 "
"996","2015","9","23","29.0 ","75 ","0.0 ","10.4 "
"997","2015","9","24","29.2 ","78 ","0.0 ","9.0 "
"998","2015","9","25","29.5 ","76 ","0.0 ","6.2 "
"999","2015","9","26","29.3 ","71 ","0.0 ","10.1 "
"1000","2015","9","27","26.9 ","69 ","0.0 ","4.8 "
"1001","2015","9","28","25.7 ","90 ","45.5 ","0.0 "
"1002","2015","9","29","27.1 ","90 ","70.5 ","0.0 "
"1003","2015","9","30","29.2 ","77 ","0.0 ","6.9 "
"1004","2015","10","1","29.0 ","81 ","0.0 ","7.4 "
"1005","2015","10","2","28.7 ","80 ","0.0 ","6.9 "
"1006","2015","10","3","28.4 ","81 ","0.0 ","9.1 "
"1007","2015","10","4","28.6 ","80 ","0.0 ","10.2 "
"1008","2015","10","5","28.8 ","79 ","0.0 ","10.0 "
"1009","2015","10","6","28.7 ","77 ","0.0 ","8.1 "
"1010","2015","10","7","28.3 ","77 ","0.0 ","8.8 "
"1011","2015","10","8","28.3 ","74 ","0.0 ","7.8 "
"1012","2015","10","9","27.2 ","80 ","13.5 ","5.9 "
"1013","2015","10","10","26.9 ","74 ","0.0 ","5.3 "
"1014","2015","10","11","25.5 ","68 ","0.0 ","5.9 "
"1015","2015","10","12","25.3 ","69 ","0.0 ","2.6 "
"1016","2015","10","13","26.2 ","69 ","0.0 ","4.6 "
"1017","2015","10","14","24.9 ","67 ","0.0 ","9.4 "
"1018","2015","10","15","25.1 ","69 ","0.0 ","8.7 "
"1019","2015","10","16","25.9 ","71 ","0.0 ","9.0 "
"1020","2015","10","17","26.2 ","71 ","0.0 ","9.0 "
"1021","2015","10","18","25.5 ","72 ","0.0 ","7.3 "
"1022","2015","10","19","26.2 ","77 ","0.0 ","2.3 "
"1023","2015","10","20","26.3 ","88 ","2.5 ","0.0 "
"1024","2015","10","21","25.4 ","93 ","5.5 ","0.0 "
"1025","2015","10","22","25.7 ","89 ","9.5 ","0.0 "
"1026","2015","10","23","26.3 ","83 ","0.0 ","3.1 "
"1027","2015","10","24","27.2 ","82 ","0.0 ","7.2 "
"1028","2015","10","25","27.5 ","79 ","0.0 ","5.6 "
"1029","2015","10","26","26.8 ","80 ","0.0 ","4.0 "
"1030","2015","10","27","27.0 ","75 ","0.0 ","9.0 "
"1031","2015","10","28","26.7 ","74 ","0.0 ","7.8 "
"1032","2015","10","29","26.5 ","78 ","0.0 ","6.8 "
"1033","2015","10","30","26.8 ","74 ","0.0 ","9.0 "
"1034","2015","10","31","25.3 ","78 ","0.0 ","7.4 "
"1035","2015","11","1","24.8 ","75 ","0.0 ","0.9 "
"1036","2015","11","2","24.1 ","73 ","0.0 ","6.7 "
"1037","2015","11","3","24.7 ","74 ","0.0 ","9.1 "
"1038","2015","11","4","26.0 ","80 ","0.0 ","7.0 "
"1039","2015","11","5","25.9 ","83 ","0.0 ","2.9 "
"1040","2015","11","6","26.2 ","83 ","0.0 ","5.5 "
"1041","2015","11","7","26.8 ","80 ","0.0 ","9.9 "
"1042","2015","11","8","27.2 ","79 ","0.0 ","7.8 "
"1043","2015","11","9","26.7 ","79 ","0.0 ","6.6 "
"1044","2015","11","10","25.1 ","74 ","0.0 ","6.2 "
"1045","2015","11","11","24.9 ","72 ","0.0 ","4.9 "
"1046","2015","11","12","26.0 ","76 ","0.0 ","8.6 "
"1047","2015","11","13","26.6 ","78 ","0.0 ","8.0 "
"1048","2015","11","14","26.4 ","77 ","4.5 ","4.7 "
"1049","2015","11","15","26.4 ","77 ","0.0 ","8.0 "
"1050","2015","11","16","26.5 ","77 ","0.0 ","8.6 "
"1051","2015","11","17","27.3 ","73 ","0.0 ","10.2 "
"1052","2015","11","18","27.7 ","75 ","0.0 ","9.8 "
"1053","2015","11","19","26.5 ","79 ","0.0 ","6.2 "
"1054","2015","11","20","25.9 ","79 ","0.0 ","6.2 "
"1055","2015","11","21","25.6 ","81 ","T ","1.7 "
"1056","2015","11","22","25.6 ","80 ","0.0 ","8.5 "
"1057","2015","11","23","25.5 ","80 ","0.0 ","7.2 "
"1058","2015","11","24","24.6 ","76 ","0.0 ","4.6 "
"1059","2015","11","25","23.5 ","71 ","0.0 ","8.2 "
"1060","2015","11","26","19.0 ","56 ","0.0 ","4.9 "
"1061","2015","11","27","18.5 ","55 ","0.0 ","9.7 "
"1062","2015","11","28","21.5 ","62 ","0.0 ","8.1 "
"1063","2015","11","29","23.1 ","72 ","0.0 ","6.3 "
"1064","2015","11","30","23.0 ","76 ","0.0 ","9.2 "
"1065","2015","12","1","23.5 ","76 ","0.0 ","10.0 "
"1066","2015","12","2","23.1 ","80 ","0.0 ","9.9 "
"1067","2015","12","3","22.2 ","71 ","0.0 ","5.8 "
"1068","2015","12","4","21.7 ","65 ","0.0 ","9.4 "
"1069","2015","12","5","21.8 ","73 ","0.0 ","2.4 "
"1070","2015","12","6","20.8 ","74 ","0.0 ","6.1 "
"1071","2015","12","7","20.3 ","76 ","2.5 ","0.0 "
"1072","2015","12","8","21.7 ","73 ","0.0 ","9.0 "
"1073","2015","12","9","22.4 ","79 ","1.0 ","3.3 "
"1074","2015","12","10","21.0 ","82 ","10.0 ","3.3 "
"1075","2015","12","11","20.9 ","75 ","0.0 ","9.8 "
"1076","2015","12","12","21.5 ","76 ","0.0 ","7.1 "
"1077","2015","12","13","22.1 ","79 ","0.0 ","9.9 "
"1078","2015","12","14","22.3 ","81 ","0.0 ","9.6 "
"1079","2015","12","15","20.1 ","78 ","0.0 ","4.6 "
"1080","2015","12","16","16.5 ","66 ","0.0 ","4.6 "
"1081","2015","12","17","14.2 ","58 ","0.0 ","8.2 "
"1082","2015","12","18","16.5 ","63 ","0.0 ","8.0 "
"1083","2015","12","19","18.3 ","73 ","0.0 ","9.8 "
"1084","2015","12","20","19.5 ","82 ","0.0 ","0.1 "
"1085","2015","12","21","21.4 ","81 ","0.0 ","7.5 "
"1086","2015","12","22","21.4 ","85 ","0.0 ","6.6 "
"1087","2015","12","23","23.8 ","76 ","0.0 ","9.5 "
"1088","2015","12","24","24.2 ","79 ","0.0 ","4.9 "
"1089","2015","12","25","21.0 ","81 ","0.0 ","5.1 "
"1090","2015","12","26","19.4 ","76 ","0.0 ","2.8 "
"1091","2015","12","27","20.3 ","76 ","0.0 ","7.1 "
"1092","2015","12","28","18.4 ","71 ","0.0 ","8.9 "
"1093","2015","12","29","18.6 ","69 ","0.0 ","7.7 "
"1094","2015","12","30","18.7 ","75 ","0.0 ","7.1 "
"1095","2015","12","31","18.3 ","72 ","0.0 ","9.5 "
"1096","2016","1","1","18.7 ","73 ","0.0 ","9.4 "
"1097","2016","1","2","19.3 ","87 ","3.0 ","1.3 "
"1098","2016","1","3","19.2 ","96 ","102.0 ","0.0 "
"1099","2016","1","4","21.4 ","93 ","0.0 ","1.4 "
"1100","2016","1","5","23.0 ","85 ","0.0 ","7.4 "
"1101","2016","1","6","21.2 ","85 ","0.5 ","5.4 "
"1102","2016","1","7","19.2 ","78 ","0.0 ","4.3 "
"1103","2016","1","8","18.4 ","79 ","2.5 ","5.9 "
"1104","2016","1","9","17.9 ","77 ","0.0 ","9.4 "
"1105","2016","1","10","18.6 ","82 ","0.0 ","5.7 "
"1106","2016","1","11","18.3 ","91 ","2.9 ","0.0 "
"1107","2016","1","12","18.3 ","81 ","0.0 ","4.7 "
"1108","2016","1","13","16.0 ","84 ","1.5 ","1.0 "
"1109","2016","1","14","15.9 ","80 ","0.0 ","5.2 "
"1110","2016","1","15","15.8 ","90 ","3.5 ","0.0 "
"1111","2016","1","16","18.9 ","83 ","0.5 ","7.1 "
"1112","2016","1","17","19.1 ","93 ","4.0 ","0.1 "
"1113","2016","1","18","16.6 ","76 ","T ","7.9 "
"1114","2016","1","19","16.8 ","76 ","0.0 ","3.9 "
"1115","2016","1","20","17.0 ","78 ","0.0 ","3.5 "
"1116","2016","1","21","18.6 ","82 ","0.0 ","4.3 "
"1117","2016","1","22","18.0 ","83 ","3.0 ","4.3 "
"1118","2016","1","23","12.3 ","83 ","1.0 ","0.0 "
"1119","2016","1","24","6.6 ","75 ","2.0 ","0.0 "
"1120","2016","1","25","9.1 ","62 ","0.0 ","1.5 "
"1121","2016","1","26","14.0 ","69 ","0.0 ","9.3 "
"1122","2016","1","27","17.5 ","81 ","1.0 ","2.9 "
"1123","2016","1","28","18.3 ","88 ","3.5 ","2.2 "
"1124","2016","1","29","17.9 ","93 ","39.0 ","0.0 "
"1125","2016","1","30","17.9 ","91 ","1.0 ","0.1 "
"1126","2016","1","31","17.5 ","84 ","0.0 ","5.6 "
"1127","2016","2","1","16.6 ","81 ","0.0 ","5.2 "
"1128","2016","2","2","14.1 ","82 ","0.0 ","0.0 "
"1129","2016","2","3","15.6 ","81 ","0.0 ","5.4 "
"1130","2016","2","4","16.8 ","85 ","T ","6.6 "
"1131","2016","2","5","15.7 ","85 ","5.5 ","4.9 "
"1132","2016","2","6","12.8 ","62 ","0.0 ","4.7 "
"1133","2016","2","7","12.6 ","57 ","0.0 ","10.2 "
"1134","2016","2","8","14.4 ","51 ","0.0 ","10.5 "
"1135","2016","2","9","16.4 ","62 ","0.0 ","10.4 "
"1136","2016","2","10","17.8 ","66 ","0.0 ","0.0 "
"1137","2016","2","11","20.7 ","76 ","10.5 ","5.2 "
"1138","2016","2","12","23.0 ","89 ","22.0 ","1.3 "
"1139","2016","2","13","25.1 ","76 ","0.0 ","10.5 "
"1140","2016","2","14","22.5 ","72 ","0.0 ","7.8 "
"1141","2016","2","15","13.3 ","74 ","0.0 ","0.1 "
"1142","2016","2","16","13.6 ","73 ","0.0 ","0.0 "
"1143","2016","2","17","16.4 ","71 ","0.0 ","1.7 "
"1144","2016","2","18","17.8 ","81 ","0.0 ","3.0 "
"1145","2016","2","19","19.2 ","81 ","0.0 ","8.1 "
"1146","2016","2","20","16.6 ","70 ","0.0 ","1.9 "
"1147","2016","2","21","17.8 ","68 ","0.0 ","1.8 "
"1148","2016","2","22","20.0 ","75 ","0.0 ","8.5 "
"1149","2016","2","23","18.4 ","77 ","0.0 ","6.6 "
"1150","2016","2","24","16.2 ","77 ","T ","0.7 "
"1151","2016","2","25","17.1 ","74 ","0.0 ","1.0 "
"1152","2016","2","26","17.6 ","76 ","0.0 ","4.0 "
"1153","2016","2","27","17.1 ","82 ","0.0 ","5.1 "
"1154","2016","2","28","18.9 ","79 ","0.0 ","9.6 "
"1155","2016","2","29","19.2 ","69 ","0.0 ","10.5 "
"1156","2016","3","1","17.5 ","62 ","0.0 ","10.3 "
"1157","2016","3","2","18.3 ","70 ","0.0 ","9.5 "
"1158","2016","3","3","19.4 ","69 ","0.0 ","2.2 "
"1159","2016","3","4","21.8 ","64 ","0.0 ","2.2 "
"1160","2016","3","5","23.1 ","68 ","0.0 ","7.5 "
"1161","2016","3","6","23.7 ","70 ","0.0 ","9.3 "
"1162","2016","3","7","22.8 ","78 ","0.0 ","5.7 "
"1163","2016","3","8","24.5 ","76 ","0.0 ","8.1 "
"1164","2016","3","9","22.4 ","80 ","T ","1.5 "
"1165","2016","3","10","14.7 ","91 ","16.5 ","0.0 "
"1166","2016","3","11","12.8 ","94 ","13.0 ","0.0 "
"1167","2016","3","12","17.6 ","82 ","0.0 ","1.2 "
"1168","2016","3","13","20.6 ","85 ","2.5 ","0.5 "
"1169","2016","3","14","16.1 ","86 ","1.5 ","0.0 "
"1170","2016","3","15","15.6 ","90 ","T ","0.0 "
"1171","2016","3","16","19.9 ","81 ","0.0 ","5.3 "
"1172","2016","3","17","21.7 ","82 ","0.0 ","5.3 "
"1173","2016","3","18","24.9 ","83 ","0.0 ","8.5 "
"1174","2016","3","19","24.4 ","85 ","0.0 ","3.8 "
"1175","2016","3","20","22.2 ","84 ","0.0 ","1.9 "
"1176","2016","3","21","19.5 ","86 ","8.5 ","0.3 "
"1177","2016","3","22","20.7 ","88 ","2.5 ","2.3 "
"1178","2016","3","23","20.9 ","92 ","39.0 ","0.4 "
"1179","2016","3","24","14.4 ","91 ","2.5 ","0.0 "
"1180","2016","3","25","12.6 ","94 ","10.5 ","0.0 "
"1181","2016","3","26","16.1 ","64 ","0.0 ","11.2 "
"1182","2016","3","27","16.3 ","64 ","0.0 ","7.8 "
"1183","2016","3","28","17.5 ","57 ","0.0 ","11.2 "
"1184","2016","3","29","20.3 ","59 ","0.0 ","4.2 "
"1185","2016","3","30","22.9 ","66 ","0.0 ","9.4 "
"1186","2016","3","31","24.3 ","76 ","0.0 ","4.5 "
"1187","2016","4","1","23.7 ","79 ","0.0 ","1.7 "
"1188","2016","4","2","24.8 ","78 ","0.0 ","8.1 "
"1189","2016","4","3","25.8 ","78 ","0.0 ","6.6 "
"1190","2016","4","4","26.0 ","77 ","0.0 ","6.9 "
"1191","2016","4","5","25.8 ","76 ","0.0 ","7.5 "
"1192","2016","4","6","27.3 ","73 ","0.0 ","10.8 "
"1193","2016","4","7","27.9 ","78 ","0.0 ","10.8 "
"1194","2016","4","8","27.2 ","77 ","0.0 ","11.0 "
"1195","2016","4","9","26.2 ","75 ","0.0 ","8.1 "
"1196","2016","4","10","25.9 ","77 ","16.5 ","2.0 "
"1197","2016","4","11","23.8 ","87 ","16.0 ","1.8 "
"1198","2016","4","12","25.0 ","81 ","2.5 ","5.2 "
"1199","2016","4","13","25.1 ","86 ","10.0 ","2.5 "
"1200","2016","4","14","25.1 ","87 ","35.0 ","0.8 "
"1201","2016","4","15","24.8 ","90 ","47.5 ","1.2 "
"1202","2016","4","16","27.4 ","75 ","0.0 ","11.1 "
"1203","2016","4","17","28.0 ","73 ","0.0 ","10.5 "
"1204","2016","4","18","25.3 ","76 ","14.0 ","5.1 "
"1205","2016","4","19","23.9 ","77 ","0.0 ","7.4 "
"1206","2016","4","20","26.1 ","80 ","0.0 ","8.1 "
"1207","2016","4","21","28.2 ","80 ","0.0 ","10.6 "
"1208","2016","4","22","28.0 ","75 ","0.0 ","10.5 "
"1209","2016","4","23","28.0 ","77 ","0.0 ","7.9 "
"1210","2016","4","24","26.7 ","81 ","4.5 ","0.7 "
"1211","2016","4","25","27.9 ","75 ","0.0 ","3.4 "
"1212","2016","4","26","28.2 ","77 ","0.0 ","10.2 "
"1213","2016","4","27","27.9 ","76 ","0.0 ","4.8 "
"1214","2016","4","28","28.2 ","73 ","0.0 ","7.4 "
"1215","2016","4","29","25.9 ","61 ","0.0 ","8.7 "
"1216","2016","4","30","26.0 ","66 ","0.0 ","4.7 "
"1217","2016","5","1","26.0 ","72 ","0.0 ","2.1 "
"1218","2016","5","2","27.9 ","77 ","0.0 ","4.4 "
"1219","2016","5","3","28.4 ","77 ","0.0 ","10.2 "
"1220","2016","5","4","28.7 ","73 ","0.0 ","9.8 "
"1221","2016","5","5","29.2 ","74 ","0.0 ","8.2 "
"1222","2016","5","6","29.3 ","77 ","0.0 ","11.7 "
"1223","2016","5","7","29.5 ","77 ","0.0 ","11.7 "
"1224","2016","5","8","29.8 ","76 ","0.0 ","10.3 "
"1225","2016","5","9","29.9 ","74 ","0.0 ","10.8 "
"1226","2016","5","10","28.6 ","78 ","17.0 ","4.3 "
"1227","2016","5","11","26.1 ","84 ","7.0 ","0.2 "
"1228","2016","5","12","27.9 ","77 ","0.0 ","8.8 "
"1229","2016","5","13","28.9 ","72 ","0.0 ","7.7 "
"1230","2016","5","14","28.7 ","75 ","0.0 ","7.7 "
"1231","2016","5","15","29.1 ","71 ","0.0 ","11.2 "
"1232","2016","5","16","27.1 ","73 ","0.0 ","4.2 "
"1233","2016","5","17","25.0 ","72 ","0.0 ","6.1 "
"1234","2016","5","18","26.3 ","73 ","0.0 ","11.1 "
"1235","2016","5","19","27.8 ","72 ","0.0 ","10.0 "
"1236","2016","5","20","28.0 ","75 ","0.0 ","1.2 "
"1237","2016","5","21","26.4 ","87 ","6.6 ","0.0 "
"1238","2016","5","22","27.0 ","84 ","23.5 ","1.4 "
"1239","2016","5","23","27.4 ","87 ","29.5 ","5.3 "
"1240","2016","5","24","27.4 ","88 ","3.0 ","3.0 "
"1241","2016","5","25","28.5 ","77 ","0.0 ","8.4 "
"1242","2016","5","26","29.6 ","73 ","0.0 ","11.1 "
"1243","2016","5","27","31.0 ","69 ","0.0 ","12.6 "
"1244","2016","5","28","30.3 ","73 ","0.0 ","11.9 "
"1245","2016","5","29","29.8 ","79 ","0.2 ","9.9 "
"1246","2016","5","30","30.0 ","79 ","0.5 ","7.2 "
"1247","2016","5","31","30.4 ","76 ","0.0 ","12.1 "
"1248","2016","6","1","30.3 ","76 ","0.0 ","10.9 "
"1249","2016","6","2","29.9 ","79 ","0.5 ","4.7 "
"1250","2016","6","3","30.1 ","80 ","4.5 ","10.0 "
"1251","2016","6","4","30.3 ","78 ","1.5 ","10.9 "
"1252","2016","6","5","29.4 ","79 ","14.5 ","6.6 "
"1253","2016","6","6","28.7 ","79 ","0.5 ","4.5 "
"1254","2016","6","7","29.1 ","78 ","7.5 ","9.7 "
"1255","2016","6","8","28.9 ","78 ","0.0 ","7.3 "
"1256","2016","6","9","28.2 ","81 ","13.0 ","2.1 "
"1257","2016","6","10","25.8 ","92 ","44.0 ","0.0 "
"1258","2016","6","11","25.2 ","94 ","137.0 ","0.0 "
"1259","2016","6","12","26.3 ","90 ","46.0 ","1.1 "
"1260","2016","6","13","25.6 ","92 ","89.5 ","0.0 "
"1261","2016","6","14","28.3 ","85 ","6.0 ","6.1 "
"1262","2016","6","15","29.1 ","85 ","4.5 ","7.8 "
"1263","2016","6","16","29.4 ","84 ","6.0 ","8.5 "
"1264","2016","6","17","29.7 ","80 ","0.0 ","11.7 "
"1265","2016","6","18","30.2 ","77 ","0.0 ","11.9 "
"1266","2016","6","19","29.9 ","76 ","1.5 ","6.5 "
"1267","2016","6","20","29.6 ","72 ","0.0 ","8.9 "
"1268","2016","6","21","30.0 ","73 ","0.0 ","10.1 "
"1269","2016","6","22","30.7 ","74 ","0.0 ","12.3 "
"1270","2016","6","23","30.3 ","76 ","0.0 ","8.7 "
"1271","2016","6","24","30.7 ","73 ","0.0 ","10.9 "
"1272","2016","6","25","30.9 ","75 ","0.0 ","12.4 "
"1273","2016","6","26","30.8 ","74 ","0.0 ","7.0 "
"1274","2016","6","27","31.2 ","72 ","0.0 ","9.9 "
"1275","2016","6","28","31.6 ","69 ","0.0 ","9.3 "
"1276","2016","6","29","31.1 ","71 ","0.0 ","11.5 "
"1277","2016","6","30","30.4 ","73 ","0.0 ","10.3 "
"1278","2016","7","1","30.7 ","71 ","0.0 ","8.7 "
"1279","2016","7","2","31.1 ","71 ","0.0 ","10.4 "
"1280","2016","7","3","30.5 ","76 ","1.0 ","8.2 "
"1281","2016","7","4","30.6 ","71 ","0.0 ","10.7 "
"1282","2016","7","5","30.9 ","68 ","0.0 ","6.7 "
"1283","2016","7","6","30.8 ","71 ","0.0 ","8.9 "
"1284","2016","7","7","30.7 ","71 ","0.0 ","4.3 "
"1285","2016","7","8","27.1 ","90 ","155.0 ","0.0 "
"1286","2016","7","9","27.9 ","91 ","22.5 ","0.0 "
"1287","2016","7","10","27.0 ","90 ","27.0 ","0.1 "
"1288","2016","7","11","26.2 ","93 ","117.5 ","0.8 "
"1289","2016","7","12","26.9 ","92 ","31.5 ","1.8 "
"1290","2016","7","13","29.3 ","78 ","0.0 ","10.2 "
"1291","2016","7","14","30.1 ","77 ","0.0 ","11.4 "
"1292","2016","7","15","30.1 ","78 ","0.0 ","8.4 "
"1293","2016","7","16","30.5 ","77 ","0.0 ","10.5 "
"1294","2016","7","17","30.4 ","77 ","0.0 ","6.1 "
"1295","2016","7","18","29.5 ","73 ","0.0 ","8.7 "
"1296","2016","7","19","29.8 ","71 ","0.0 ","6.6 "
"1297","2016","7","20","30.1 ","72 ","0.0 ","11.2 "
"1298","2016","7","21","30.7 ","71 ","0.0 ","12.1 "
"1299","2016","7","22","30.9 ","70 ","0.0 ","10.0 "
"1300","2016","7","23","30.5 ","68 ","0.0 ","11.7 "
"1301","2016","7","24","30.8 ","70 ","0.5 ","10.3 "
"1302","2016","7","25","31.3 ","67 ","T ","7.7 "
"1303","2016","7","26","31.2 ","66 ","0.0 ","12.0 "
"1304","2016","7","27","31.0 ","70 ","0.0 ","12.3 "
"1305","2016","7","28","30.6 ","72 ","0.0 ","11.0 "
"1306","2016","7","29","30.3 ","71 ","0.0 ","9.4 "
"1307","2016","7","30","30.0 ","73 ","5.0 ","7.4 "
"1308","2016","7","31","29.8 ","78 ","14.0 ","8.5 "
"1309","2016","8","1","28.6 ","80 ","2.5 ","1.2 "
"1310","2016","8","2","30.4 ","70 ","0.0 ","10.2 "
"1311","2016","8","3","30.0 ","74 ","4.5 ","8.7 "
"1312","2016","8","4","30.6 ","74 ","0.5 ","10.4 "
"1313","2016","8","5","30.4 ","72 ","0.0 ","11.9 "
"1314","2016","8","6","30.3 ","77 ","0.0 ","5.7 "
"1315","2016","8","7","30.0 ","77 ","5.5 ","8.2 "
"1316","2016","8","8","30.2 ","77 ","0.5 ","7.1 "
"1317","2016","8","9","29.6 ","77 ","0.0 ","3.5 "
"1318","2016","8","10","29.3 ","75 ","0.5 ","5.1 "
"1319","2016","8","11","28.5 ","81 ","5.0 ","1.1 "
"1320","2016","8","12","27.0 ","89 ","22.5 ","0.0 "
"1321","2016","8","13","26.5 ","89 ","4.0 ","0.0 "
"1322","2016","8","14","28.5 ","81 ","T ","3.5 "
"1323","2016","8","15","29.1 ","75 ","0.0 ","3.7 "
"1324","2016","8","16","27.2 ","84 ","12.5 ","1.8 "
"1325","2016","8","17","27.7 ","85 ","6.0 ","2.1 "
"1326","2016","8","18","28.8 ","82 ","4.0 ","2.9 "
"1327","2016","8","19","28.0 ","83 ","5.5 ","7.9 "
"1328","2016","8","20","29.4 ","75 ","0.0 ","11.8 "
"1329","2016","8","21","29.9 ","73 ","0.0 ","9.8 "
"1330","2016","8","22","30.4 ","74 ","0.0 ","9.0 "
"1331","2016","8","23","30.3 ","76 ","0.0 ","9.5 "
"1332","2016","8","24","30.2 ","78 ","T ","8.0 "
"1333","2016","8","25","30.1 ","77 ","0.0 ","7.3 "
"1334","2016","8","26","30.3 ","77 ","0.0 ","6.9 "
"1335","2016","8","27","30.5 ","74 ","0.0 ","9.1 "
"1336","2016","8","28","30.3 ","75 ","0.0 ","6.6 "
"1337","2016","8","29","28.9 ","80 ","18.0 ","4.0 "
"1338","2016","8","30","28.3 ","71 ","0.0 ","0.7 "
"1339","2016","8","31","28.9 ","67 ","0.0 ","9.8 "
"1340","2016","9","1","29.2 ","70 ","0.0 ","7.9 "
"1341","2016","9","2","26.2 ","90 ","124.0 ","0.0 "
"1342","2016","9","3","27.6 ","88 ","5.5 ","1.1 "
"1343","2016","9","4","28.1 ","86 ","7.5 ","1.8 "
"1344","2016","9","5","28.4 ","84 ","6.0 ","4.4 "
"1345","2016","9","6","25.7 ","92 ","250.0 ","0.2 "
"1346","2016","9","7","25.0 ","94 ","130.5 ","0.5 "
"1347","2016","9","8","26.4 ","85 ","12.0 ","2.0 "
"1348","2016","9","9","28.5 ","78 ","0.0 ","5.7 "
"1349","2016","9","10","28.9 ","78 ","0.0 ","9.7 "
"1350","2016","9","11","30.0 ","73 ","0.0 ","10.1 "
"1351","2016","9","12","29.9 ","74 ","0.0 ","9.9 "
"1352","2016","9","13","28.8 ","78 ","0.0 ","4.8 "
"1353","2016","9","14","26.2 ","91 ","80.0 ","0.0 "
"1354","2016","9","15","26.9 ","88 ","59.5 ","2.7 "
"1355","2016","9","16","29.3 ","73 ","0.0 ","10.1 "
"1356","2016","9","17","28.7 ","81 ","T ","5.0 "
"1357","2016","9","18","29.0 ","73 ","0.0 ","9.5 "
"1358","2016","9","19","28.4 ","71 ","0.0 ","6.5 "
"1359","2016","9","20","28.4 ","71 ","0.0 ","7.2 "
"1360","2016","9","21","28.4 ","71 ","0.0 ","10.6 "
"1361","2016","9","22","28.7 ","71 ","0.0 ","7.3 "
"1362","2016","9","23","28.8 ","74 ","0.3 ","4.2 "
"1363","2016","9","24","28.5 ","76 ","0.0 ","5.6 "
"1364","2016","9","25","28.7 ","75 ","0.0 ","9.3 "
"1365","2016","9","26","29.0 ","76 ","0.0 ","5.2 "
"1366","2016","9","27","26.4 ","91 ","266.5 ","0.0 "
"1367","2016","9","28","25.4 ","97 ","104.0 ","0.0 "
"1368","2016","9","29","27.9 ","84 ","135.0 ","6.2 "
"1369","2016","9","30","27.3 ","84 ","39.5 ","5.3 "
"1370","2016","10","1","27.0 ","87 ","11.5 ","0.8 "
"1371","2016","10","2","28.5 ","77 ","0.0 ","9.1 "
"1372","2016","10","3","28.3 ","80 ","0.0 ","6.4 "
"1373","2016","10","4","28.6 ","76 ","0.0 ","8.4 "
"1374","2016","10","5","29.2 ","75 ","0.0 ","8.1 "
"1375","2016","10","6","28.0 ","81 ","1.5 ","1.5 "
"1376","2016","10","7","27.9 ","78 ","T ","4.5 "
"1377","2016","10","8","25.7 ","92 ","25.0 ","0.0 "
"1378","2016","10","9","24.8 ","93 ","19.0 ","0.3 "
"1379","2016","10","10","24.8 ","87 ","11.5 ","2.0 "
"1380","2016","10","11","26.6 ","83 ","T ","5.5 "
"1381","2016","10","12","27.3 ","80 ","0.0 ","6.7 "
"1382","2016","10","13","26.8 ","78 ","0.0 ","5.5 "
"1383","2016","10","14","27.0 ","78 ","0.0 ","5.6 "
"1384","2016","10","15","27.8 ","78 ","0.0 ","8.0 "
"1385","2016","10","16","28.2 ","79 ","0.0 ","9.7 "
"1386","2016","10","17","28.3 ","80 ","0.0 ","4.6 "
"1387","2016","10","18","28.6 ","79 ","0.0 ","4.9 "
"1388","2016","10","19","28.4 ","80 ","0.0 ","6.7 "
"1389","2016","10","20","29.1 ","76 ","0.0 ","1.0 "
"1390","2016","10","21","29.1 ","75 ","0.5 ","3.5 "
"1391","2016","10","22","29.1 ","80 ","0.0 ","6.7 "
"1392","2016","10","23","28.8 ","80 ","0.0 ","8.6 "
"1393","2016","10","24","28.6 ","75 ","0.0 ","10.3 "
"1394","2016","10","25","28.4 ","77 ","0.0 ","9.3 "
"1395","2016","10","26","28.9 ","74 ","0.0 ","9.8 "
"1396","2016","10","27","28.5 ","75 ","0.0 ","7.6 "
"1397","2016","10","28","28.0 ","78 ","0.0 ","2.5 "
"1398","2016","10","29","27.6 ","76 ","0.0 ","3.7 "
"1399","2016","10","30","26.4 ","70 ","0.0 ","7.3 "
"1400","2016","10","31","26.4 ","71 ","0.0 ","9.4 "
"1401","2016","11","1","25.1 ","68 ","0.0 ","5.4 "
"1402","2016","11","2","23.6 ","66 ","0.0 ","10.0 "
"1403","2016","11","3","24.2 ","64 ","0.0 ","8.9 "
"1404","2016","11","4","24.8 ","68 ","0.0 ","10.2 "
"1405","2016","11","5","24.9 ","73 ","0.0 ","10.2 "
"1406","2016","11","6","25.8 ","71 ","0.0 ","10.2 "
"1407","2016","11","7","26.4 ","71 ","0.0 ","9.5 "
"1408","2016","11","8","25.6 ","70 ","0.0 ","8.6 "
"1409","2016","11","9","23.6 ","66 ","0.0 ","9.7 "
"1410","2016","11","10","22.8 ","69 ","0.0 ","2.2 "
"1411","2016","11","11","23.5 ","73 ","0.0 ","1.8 "
"1412","2016","11","12","25.9 ","70 ","0.0 ","8.9 "
"1413","2016","11","13","25.4 ","76 ","0.0 ","9.3 "
"1414","2016","11","14","26.1 ","76 ","0.0 ","8.2 "
"1415","2016","11","15","25.7 ","77 ","0.0 ","3.7 "
"1416","2016","11","16","25.5 ","75 ","0.0 ","8.8 "
"1417","2016","11","17","25.3 ","78 ","0.0 ","6.5 "
"1418","2016","11","18","25.7 ","79 ","0.0 ","4.7 "
"1419","2016","11","19","26.8 ","72 ","0.0 ","6.3 "
"1420","2016","11","20","26.6 ","73 ","0.0 ","1.2 "
"1421","2016","11","21","25.8 ","72 ","0.0 ","1.7 "
"1422","2016","11","22","24.6 ","83 ","2.0 ","0.0 "
"1423","2016","11","23","22.4 ","85 ","T ","0.1 "
"1424","2016","11","24","21.9 ","75 ","0.0 ","8.9 "
"1425","2016","11","25","23.3 ","74 ","0.0 ","8.6 "
"1426","2016","11","26","23.8 ","78 ","0.0 ","0.9 "
"1427","2016","11","27","19.5 ","87 ","43.4 ","0.0 "
"1428","2016","11","28","20.8 ","78 ","0.0 ","1.2 "
"1429","2016","11","29","22.1 ","74 ","0.0 ","1.8 "
"1430","2016","11","30","22.4 ","79 ","3.5 ","0.0 "
"1431","2016","12","1","21.7 ","81 ","0.0 ","7.2 "
"1432","2016","12","2","21.1 ","77 ","0.0 ","2.1 "
"1433","2016","12","3","22.0 ","79 ","0.0 ","9.1 "
"1434","2016","12","4","23.0 ","83 ","0.0 ","7.7 "
"1435","2016","12","5","23.5 ","82 ","0.0 ","5.7 "
"1436","2016","12","6","21.5 ","66 ","0.0 ","0.1 "
"1437","2016","12","7","21.8 ","71 ","0.0 ","4.4 "
"1438","2016","12","8","21.5 ","74 ","0.0 ","7.2 "
"1439","2016","12","9","21.7 ","77 ","0.0 ","9.4 "
"1440","2016","12","10","22.6 ","74 ","0.0 ","9.8 "
"1441","2016","12","11","22.1 ","77 ","0.0 ","8.7 "
"1442","2016","12","12","22.7 ","72 ","0.0 ","7.9 "
"1443","2016","12","13","23.2 ","68 ","0.0 ","9.0 "
"1444","2016","12","14","20.9 ","70 ","0.0 ","9.2 "
"1445","2016","12","15","17.7 ","66 ","0.0 ","5.8 "
"1446","2016","12","16","16.3 ","62 ","0.0 ","0.0 "
"1447","2016","12","17","18.8 ","65 ","0.0 ","9.7 "
"1448","2016","12","18","20.4 ","70 ","0.0 ","6.6 "
"1449","2016","12","19","21.0 ","78 ","0.0 ","9.4 "
"1450","2016","12","20","22.1 ","81 ","0.0 ","8.1 "
"1451","2016","12","21","23.4 ","81 ","0.0 ","7.0 "
"1452","2016","12","22","23.0 ","78 ","0.0 ","6.5 "
"1453","2016","12","23","21.6 ","69 ","0.0 ","6.6 "
"1454","2016","12","24","21.8 ","69 ","0.0 ","6.8 "
"1455","2016","12","25","21.8 ","73 ","0.0 ","6.8 "
"1456","2016","12","26","21.7 ","77 ","0.0 ","7.4 "
"1457","2016","12","27","18.5 ","74 ","0.0 ","0.2 "
"1458","2016","12","28","14.9 ","81 ","2.0 ","0.0 "
"1459","2016","12","29","16.6 ","75 ","0.0 ","0.4 "
"1460","2016","12","30","18.0 ","74 ","0.0 ","0.1 "
"1461","2016","12","31","19.8 ","78 ","0.0 ","5.6 "
"1462","2017","1","1","20.9 ","81 ","0.0 ","8.9 "
"1463","2017","1","2","20.8 ","82 ","0.0 ","8.3 "
"1464","2017","1","3","20.8 ","83 ","0.0 ","6.3 "
"1465","2017","1","4","21.3 ","82 ","0.0 ","6.9 "
"1466","2017","1","5","21.3 ","80 ","0.0 ","6.8 "
"1467","2017","1","6","20.8 ","82 ","0.0 ","6.9 "
"1468","2017","1","7","22.4 ","77 ","0.0 ","6.7 "
"1469","2017","1","8","22.6 ","75 ","0.0 ","9.9 "
"1470","2017","1","9","20.4 ","74 ","0.0 ","9.1 "
"1471","2017","1","10","19.6 ","72 ","0.0 ","8.4 "
"1472","2017","1","11","20.1 ","73 ","0.0 ","8.5 "
"1473","2017","1","12","20.5 ","80 ","0.0 ","8.1 "
"1474","2017","1","13","19.9 ","78 ","0.0 ","4.4 "
"1475","2017","1","14","17.1 ","78 ","0.0 ","1.2 "
"1476","2017","1","15","17.5 ","73 ","0.0 ","2.8 "
"1477","2017","1","16","18.0 ","72 ","0.0 ","8.5 "
"1478","2017","1","17","18.8 ","73 ","0.0 ","8.2 "
"1479","2017","1","18","20.2 ","79 ","0.0 ","8.3 "
"1480","2017","1","19","21.0 ","78 ","0.0 ","10.0 "
"1481","2017","1","20","17.5 ","74 ","0.0 ","6.1 "
"1482","2017","1","21","15.5 ","67 ","0.0 ","1.1 "
"1483","2017","1","22","16.8 ","64 ","0.0 ","2.9 "
"1484","2017","1","23","17.5 ","62 ","0.0 ","4.0 "
"1485","2017","1","24","17.6 ","67 ","0.0 ","3.1 "
"1486","2017","1","25","17.3 ","71 ","0.0 ","5.1 "
"1487","2017","1","26","17.1 ","70 ","0.0 ","9.9 "
"1488","2017","1","27","18.4 ","68 ","0.0 ","10.4 "
"1489","2017","1","28","19.0 ","74 ","0.0 ","10.2 "
"1490","2017","1","29","20.7 ","75 ","0.0 ","7.1 "
"1491","2017","1","30","20.8 ","72 ","0.0 ","9.0 "
"1492","2017","1","31","18.3 ","73 ","0.0 ","1.2 "
"1493","2017","2","1","19.3 ","74 ","T ","0.7 "
"1494","2017","2","2","18.1 ","71 ","0.0 ","6.9 "
"1495","2017","2","3","18.7 ","73 ","0.0 ","8.3 "
"1496","2017","2","4","19.1 ","80 ","0.0 ","0.3 "
"1497","2017","2","5","19.5 ","79 ","0.0 ","0.3 "
"1498","2017","2","6","19.2 ","74 ","0.0 ","8.1 "
"1499","2017","2","7","19.2 ","68 ","0.0 ","6.1 "
"1500","2017","2","8","19.3 ","72 ","0.0 ","9.9 "
"1501","2017","2","9","15.1 ","65 ","0.0 ","5.8 "
"1502","2017","2","10","13.7 ","56 ","0.0 ","0.9 "
"1503","2017","2","11","12.1 ","75 ","0.5 ","0.0 "
"1504","2017","2","12","15.4 ","66 ","0.5 ","3.1 "
"1505","2017","2","13","17.2 ","67 ","0.0 ","10.2 "
"1506","2017","2","14","17.8 ","68 ","0.0 ","10.3 "
"1507","2017","2","15","18.0 ","69 ","0.0 ","10.4 "
"1508","2017","2","16","19.0 ","66 ","0.0 ","8.6 "
"1509","2017","2","17","21.9 ","57 ","0.0 ","10.2 "
"1510","2017","2","18","19.9 ","74 ","0.0 ","8.6 "
"1511","2017","2","19","20.2 ","74 ","0.0 ","9.2 "
"1512","2017","2","20","24.1 ","72 ","0.0 ","6.0 "
"1513","2017","2","21","22.2 ","74 ","0.0 ","6.7 "
"1514","2017","2","22","23.2 ","77 ","0.0 ","2.6 "
"1515","2017","2","23","22.2 ","75 ","0.0 ","8.3 "
"1516","2017","2","24","16.0 ","73 ","0.0 ","1.5 "
"1517","2017","2","25","17.1 ","74 ","0.0 ","4.9 "
"1518","2017","2","26","16.7 ","71 ","0.0 ","8.9 "
"1519","2017","2","27","17.8 ","67 ","0.0 ","7.3 "
"1520","2017","2","28","18.9 ","68 ","0.0 ","10.2 "
"1521","2017","3","1","19.1 ","69 ","0.0 ","10.7 "
"1522","2017","3","2","18.7 ","61 ","0.0 ","9.9 "
"1523","2017","3","3","18.5 ","60 ","0.0 ","5.3 "
"1524","2017","3","4","21.6 ","63 ","0.0 ","9.8 "
"1525","2017","3","5","23.6 ","67 ","0.0 ","9.5 "
"1526","2017","3","6","21.1 ","71 ","0.5 ","8.7 "
"1527","2017","3","7","17.1 ","70 ","T ","0.0 "
"1528","2017","3","8","15.7 ","81 ","0.5 ","0.0 "
"1529","2017","3","9","19.7 ","72 ","0.0 ","6.7 "
"1530","2017","3","10","22.3 ","75 ","11.8 ","3.1 "
"1531","2017","3","11","21.5 ","79 ","0.0 ","6.6 "
"1532","2017","3","12","23.0 ","78 ","0.0 ","8.3 "
"1533","2017","3","13","25.0 ","73 ","0.0 ","10.5 "
"1534","2017","3","14","19.4 ","70 ","0.0 ","4.4 "
"1535","2017","3","15","19.9 ","67 ","0.0 ","2.3 "
"1536","2017","3","16","20.6 ","71 ","0.0 ","2.3 "
"1537","2017","3","17","21.6 ","73 ","0.0 ","8.0 "
"1538","2017","3","18","23.1 ","74 ","0.0 ","2.6 "
"1539","2017","3","19","23.6 ","75 ","0.0 ","2.0 "
"1540","2017","3","20","24.7 ","75 ","0.0 ","5.3 "
"1541","2017","3","21","24.5 ","72 ","0.0 ","8.2 "
"1542","2017","3","22","22.6 ","72 ","T ","8.0 "
"1543","2017","3","23","23.6 ","69 ","0.0 ","10.1 "
"1544","2017","3","24","23.0 ","72 ","0.0 ","7.8 "
"1545","2017","3","25","22.3 ","71 ","0.0 ","8.1 "
"1546","2017","3","26","16.2 ","78 ","T ","0.0 "
"1547","2017","3","27","21.2 ","64 ","0.0 ","9.2 "
"1548","2017","3","28","22.5 ","63 ","0.0 ","7.9 "
"1549","2017","3","29","23.9 ","57 ","0.0 ","5.0 "
"1550","2017","3","30","24.4 ","65 ","0.0 ","6.0 "
"1551","2017","3","31","24.0 ","71 ","0.0 ","8.4 "
"1552","2017","4","1","18.5 ","64 ","1.0 ","4.4 "
"1553","2017","4","2","20.3 ","44 ","0.0 ","10.9 "
"1554","2017","4","3","21.7 ","52 ","0.0 ","11.0 "
"1555","2017","4","4","22.5 ","60 ","0.0 ","9.3 "
"1556","2017","4","5","24.0 ","56 ","0.0 ","10.5 "
"1557","2017","4","6","25.1 ","63 ","0.0 ","4.7 "
"1558","2017","4","7","25.2 ","74 ","0.0 ","1.8 "
"1559","2017","4","8","26.2 ","75 ","0.0 ","10.4 "
"1560","2017","4","9","26.1 ","80 ","0.0 ","5.7 "
"1561","2017","4","10","27.3 ","70 ","0.0 ","7.8 "
"1562","2017","4","11","27.2 ","77 ","1.0 ","3.8 "
"1563","2017","4","12","21.4 ","90 ","30.5 ","0.0 "
"1564","2017","4","13","19.9 ","86 ","3.5 ","0.0 "
"1565","2017","4","14","24.4 ","76 ","0.0 ","7.9 "
"1566","2017","4","15","26.8 ","72 ","0.0 ","10.7 "
"1567","2017","4","16","27.5 ","72 ","0.0 ","8.9 "
"1568","2017","4","17","27.9 ","75 ","0.0 ","9.3 "
"1569","2017","4","18","27.2 ","78 ","0.0 ","8.2 "
"1570","2017","4","19","27.8 ","77 ","1.0 ","10.1 "
"1571","2017","4","20","27.7 ","74 ","0.0 ","5.6 "
"1572","2017","4","21","27.7 ","73 ","0.5 ","5.1 "
"1573","2017","4","22","21.7 ","81 ","25.5 ","0.0 "
"1574","2017","4","23","21.7 ","79 ","1.0 ","0.0 "
"1575","2017","4","24","24.2 ","75 ","0.5 ","2.3 "
"1576","2017","4","25","26.2 ","73 ","0.0 ","4.1 "
"1577","2017","4","26","27.6 ","76 ","0.0 ","9.1 "
"1578","2017","4","27","22.2 ","79 ","T ","0.7 "
"1579","2017","4","28","21.5 ","62 ","0.0 ","9.4 "
"1580","2017","4","29","24.0 ","57 ","0.0 ","11.2 "
"1581","2017","4","30","25.2 ","55 ","0.0 ","11.8 "
"1582","2017","5","1","26.4 ","57 ","0.0 ","9.3 "
"1583","2017","5","2","27.7 ","63 ","0.0 ","9.9 "
"1584","2017","5","3","28.2 ","69 ","0.0 ","10.4 "
"1585","2017","5","4","28.3 ","72 ","0.0 ","9.5 "
"1586","2017","5","5","28.7 ","70 ","0.0 ","10.1 "
"1587","2017","5","6","28.7 ","71 ","0.0 ","10.4 "
"1588","2017","5","7","27.6 ","72 ","0.0 ","10.6 "
"1589","2017","5","8","28.0 ","74 ","0.0 ","11.0 "
"1590","2017","5","9","28.7 ","71 ","0.0 ","12.0 "
"1591","2017","5","10","28.7 ","72 ","0.0 ","6.7 "
"1592","2017","5","11","29.3 ","70 ","0.0 ","4.6 "
"1593","2017","5","12","29.6 ","69 ","0.0 ","8.5 "
"1594","2017","5","13","29.0 ","73 ","0.0 ","5.0 "
"1595","2017","5","14","29.2 ","68 ","0.0 ","9.7 "
"1596","2017","5","15","28.3 ","71 ","0.0 ","4.8 "
"1597","2017","5","16","24.7 ","88 ","46.0 ","0.0 "
"1598","2017","5","17","25.8 ","73 ","0.0 ","6.1 "
"1599","2017","5","18","27.3 ","72 ","0.5 ","3.2 "
"1600","2017","5","19","26.3 ","76 ","3.0 ","0.7 "
"1601","2017","5","20","24.6 ","85 ","2.0 ","0.0 "
"1602","2017","5","21","27.5 ","74 ","0.0 ","11.0 "
"1603","2017","5","22","28.3 ","71 ","0.0 ","9.5 "
"1604","2017","5","23","28.8 ","71 ","0.0 ","9.9 "
"1605","2017","5","24","28.3 ","79 ","2.5 ","3.2 "
"1606","2017","5","25","27.6 ","76 ","0.0 ","2.3 "
"1607","2017","5","26","27.2 ","62 ","0.0 ","2.8 "
"1608","2017","5","27","27.7 ","68 ","0.0 ","1.9 "
"1609","2017","5","28","26.9 ","74 ","0.0 ","0.2 "
"1610","2017","5","29","28.4 ","71 ","0.0 ","8.0 "
"1611","2017","5","30","26.1 ","89 ","25.5 ","0.1 "
"1612","2017","5","31","28.1 ","77 ","T ","8.1 "
"1613","2017","6","1","27.9 ","86 ","17.0 ","1.7 "
"1614","2017","6","2","28.5 ","85 ","1.0 ","0.1 "
"1615","2017","6","3","28.3 ","89 ","12.0 ","0.4 "
"1616","2017","6","4","26.5 ","91 ","60.0 ","0.3 "
"1617","2017","6","5","28.7 ","81 ","1.5 ","5.7 "
"1618","2017","6","6","29.9 ","78 ","0.0 ","11.9 "
"1619","2017","6","7","30.3 ","82 ","0.0 ","10.5 "
"1620","2017","6","8","30.0 ","77 ","5.5 ","6.9 "
"1621","2017","6","9","30.2 ","73 ","0.0 ","10.9 "
"1622","2017","6","10","30.7 ","79 ","0.0 ","12.6 "
"1623","2017","6","11","31.0 ","72 ","0.0 ","10.7 "
"1624","2017","6","12","30.9 ","72 ","8.5 ","11.4 "
"1625","2017","6","13","29.7 ","78 ","2.5 ","8.2 "
"1626","2017","6","14","27.9 ","86 ","13.5 ","0.0 "
"1627","2017","6","15","26.0 ","88 ","52.0 ","0.0 "
"1628","2017","6","16","27.6 ","87 ","20.0 ","3.7 "
"1629","2017","6","17","26.7 ","93 ","51.0 ","0.0 "
"1630","2017","6","18","27.6 ","87 ","6.8 ","0.7 "
"1631","2017","6","19","28.8 ","79 ","T ","1.0 "
"1632","2017","6","20","29.2 ","77 ","T ","3.2 "
"1633","2017","6","21","29.9 ","72 ","0.0 ","10.0 "
"1634","2017","6","22","30.3 ","72 ","0.0 ","11.8 "
"1635","2017","6","23","30.1 ","74 ","0.0 ","10.0 "
"1636","2017","6","24","30.0 ","75 ","0.0 ","9.4 "
"1637","2017","6","25","30.3 ","72 ","0.0 ","10.0 "
"1638","2017","6","26","30.4 ","75 ","T ","12.1 "
"1639","2017","6","27","30.3 ","76 ","0.0 ","10.0 "
"1640","2017","6","28","30.3 ","75 ","0.0 ","9.5 "
"1641","2017","6","29","29.8 ","73 ","0.0 ","9.1 "
"1642","2017","6","30","29.9 ","69 ","0.2 ","7.4 "
"1643","2017","7","1","30.5 ","70 ","0.0 ","12.5 "
"1644","2017","7","2","29.6 ","74 ","26.0 ","8.3 "
"1645","2017","7","3","30.0 ","72 ","2.5 ","12.5 "
"1646","2017","7","4","28.3 ","82 ","25.0 ","4.0 "
"1647","2017","7","5","30.2 ","72 ","0.0 ","8.9 "
"1648","2017","7","6","29.2 ","78 ","1.5 ","7.4 "
"1649","2017","7","7","29.4 ","74 ","0.0 ","6.8 "
"1650","2017","7","8","29.5 ","75 ","6.5 ","7.6 "
"1651","2017","7","9","30.1 ","76 ","0.0 ","9.0 "
"1652","2017","7","10","30.4 ","76 ","0.0 ","9.8 "
"1653","2017","7","11","30.5 ","74 ","0.0 ","11.9 "
"1654","2017","7","12","30.1 ","72 ","0.0 ","9.8 "
"1655","2017","7","13","30.0 ","74 ","0.4 ","8.1 "
"1656","2017","7","14","29.5 ","77 ","3.0 ","4.8 "
"1657","2017","7","15","29.1 ","80 ","39.5 ","5.5 "
"1658","2017","7","16","28.2 ","82 ","10.5 ","5.2 "
"1659","2017","7","17","29.0 ","81 ","0.0 ","0.2 "
"1660","2017","7","18","29.5 ","79 ","20.0 ","5.3 "
"1661","2017","7","19","29.9 ","73 ","0.0 ","9.2 "
"1662","2017","7","20","30.4 ","71 ","0.0 ","9.6 "
"1663","2017","7","21","30.7 ","74 ","0.0 ","6.8 "
"1664","2017","7","22","30.2 ","77 ","0.0 ","0.5 "
"1665","2017","7","23","29.9 ","79 ","5.0 ","4.7 "
"1666","2017","7","24","29.7 ","79 ","0.0 ","4.9 "
"1667","2017","7","25","29.3 ","71 ","0.0 ","8.6 "
"1668","2017","7","26","29.3 ","72 ","0.5 ","7.7 "
"1669","2017","7","27","29.9 ","73 ","20.0 ","7.4 "
"1670","2017","7","28","30.4 ","75 ","T ","5.6 "
"1671","2017","7","29","29.1 ","84 ","4.0 ","0.0 "
"1672","2017","7","30","28.6 ","82 ","81.0 ","1.3 "
"1673","2017","7","31","26.8 ","92 ","261.5 ","0.0 "
"1674","2017","8","1","26.4 ","91 ","118.5 ","0.0 "
"1675","2017","8","2","27.4 ","85 ","30.0 ","2.1 "
"1676","2017","8","3","29.5 ","78 ","0.5 ","9.6 "
"1677","2017","8","4","29.8 ","76 ","0.5 ","10.2 "
"1678","2017","8","5","30.1 ","75 ","0.0 ","10.2 "
"1679","2017","8","6","30.4 ","75 ","0.0 ","7.8 "
"1680","2017","8","7","30.4 ","75 ","0.0 ","9.4 "
"1681","2017","8","8","30.3 ","75 ","0.0 ","7.3 "
"1682","2017","8","9","30.1 ","73 ","T ","7.2 "
"1683","2017","8","10","30.4 ","73 ","T ","7.4 "
"1684","2017","8","11","30.3 ","74 ","3.5 ","7.8 "
"1685","2017","8","12","30.5 ","72 ","0.0 ","7.0 "
"1686","2017","8","13","30.4 ","72 ","0.0 ","9.4 "
"1687","2017","8","14","30.4 ","70 ","0.0 ","10.3 "
"1688","2017","8","15","30.3 ","70 ","0.0 ","10.0 "
"1689","2017","8","16","30.4 ","68 ","0.0 ","8.9 "
"1690","2017","8","17","30.6 ","63 ","0.0 ","10.8 "
"1691","2017","8","18","31.1 ","66 ","0.0 ","11.1 "
"1692","2017","8","19","31.4 ","68 ","0.0 ","11.0 "
"1693","2017","8","20","31.0 ","71 ","0.0 ","9.0 "
"1694","2017","8","21","30.5 ","76 ","0.0 ","1.9 "
"1695","2017","8","22","29.2 ","76 ","7.0 ","2.2 "
"1696","2017","8","23","30.0 ","67 ","0.0 ","4.0 "
"1697","2017","8","24","28.5 ","78 ","1.5 ","1.7 "
"1698","2017","8","25","29.4 ","75 ","0.0 ","6.6 "
"1699","2017","8","26","29.9 ","75 ","0.0 ","2.7 "
"1700","2017","8","27","29.1 ","76 ","4.0 ","4.2 "
"1701","2017","8","28","29.8 ","69 ","0.0 ","9.3 "
"1702","2017","8","29","30.1 ","72 ","0.0 ","7.2 "
"1703","2017","8","30","29.6 ","73 ","31.0 ","6.2 "
"1704","2017","8","31","29.0 ","79 ","0.0 ","0.0 "
"1705","2017","9","1","28.0 ","79 ","3.5 ","0.1 "
"1706","2017","9","2","28.8 ","77 ","1.5 ","1.5 "
"1707","2017","9","3","29.3 ","71 ","5.0 ","5.9 "
"1708","2017","9","4","29.4 ","74 ","17.5 ","9.5 "
"1709","2017","9","5","29.8 ","72 ","0.0 ","10.5 "
"1710","2017","9","6","29.6 ","79 ","0.0 ","4.2 "
"1711","2017","9","7","28.6 ","80 ","12.0 ","4.4 "
"1712","2017","9","8","29.0 ","78 ","0.0 ","7.1 "
"1713","2017","9","9","29.6 ","74 ","0.0 ","10.0 "
"1714","2017","9","10","29.9 ","71 ","0.0 ","7.3 "
"1715","2017","9","11","30.1 ","68 ","0.0 ","9.9 "
"1716","2017","9","12","30.4 ","68 ","0.0 ","10.2 "
"1717","2017","9","13","30.4 ","68 ","0.0 ","8.3 "
"1718","2017","9","14","29.9 ","67 ","0.0 ","10.2 "
"1719","2017","9","15","29.9 ","68 ","0.0 ","7.7 "
"1720","2017","9","16","30.2 ","67 ","0.0 ","11.0 "
"1721","2017","9","17","30.5 ","63 ","0.0 ","9.6 "
"1722","2017","9","18","30.3 ","58 ","0.0 ","10.4 "
"1723","2017","9","19","30.0 ","55 ","0.0 ","3.6 "
"1724","2017","9","20","30.5 ","56 ","0.0 ","7.2 "
"1725","2017","9","21","30.3 ","64 ","0.0 ","9.2 "
"1726","2017","9","22","31.0 ","61 ","0.0 ","9.6 "
"1727","2017","9","23","31.1 ","67 ","0.0 ","9.0 "
"1728","2017","9","24","31.1 ","69 ","0.0 ","7.8 "
"1729","2017","9","25","30.9 ","70 ","0.0 ","8.4 "
"1730","2017","9","26","30.6 ","71 ","T ","8.2 "
"1731","2017","9","27","30.6 ","71 ","0.0 ","8.3 "
"1732","2017","9","28","30.4 ","70 ","0.0 ","10.1 "
"1733","2017","9","29","29.5 ","73 ","T ","6.1 "
"1734","2017","9","30","30.1 ","70 ","0.0 ","9.2 "
"1735","2017","10","1","30.6 ","72 ","0.0 ","9.6 "
"1736","2017","10","2","30.5 ","73 ","0.0 ","8.1 "
"1737","2017","10","3","30.4 ","72 ","0.0 ","6.0 "
"1738","2017","10","4","30.3 ","72 ","0.0 ","4.8 "
"1739","2017","10","5","29.7 ","72 ","0.0 ","8.3 "
"1740","2017","10","6","29.9 ","75 ","0.0 ","8.1 "
"1741","2017","10","7","30.2 ","71 ","0.0 ","8.8 "
"1742","2017","10","8","29.9 ","74 ","0.0 ","0.4 "
"1743","2017","10","9","30.4 ","72 ","0.0 ","8.3 "
"1744","2017","10","10","30.6 ","70 ","0.0 ","10.9 "
"1745","2017","10","11","30.7 ","71 ","0.0 ","10.6 "
"1746","2017","10","12","30.3 ","69 ","0.0 ","5.1 "
"1747","2017","10","13","26.9 ","77 ","9.0 ","0.0 "
"1748","2017","10","14","25.6 ","93 ","19.5 ","0.0 "
"1749","2017","10","15","26.3 ","88 ","11.0 ","0.2 "
"1750","2017","10","16","28.3 ","81 ","0.0 ","7.4 "
"1751","2017","10","17","28.4 ","78 ","0.0 ","5.7 "
"1752","2017","10","18","27.4 ","76 ","0.0 ","7.5 "
"1753","2017","10","19","26.6 ","75 ","0.0 ","9.1 "
"1754","2017","10","20","25.7 ","73 ","0.0 ","6.1 "
"1755","2017","10","21","23.7 ","65 ","0.0 ","7.2 "
"1756","2017","10","22","23.2 ","54 ","0.0 ","8.6 "
"1757","2017","10","23","23.5 ","59 ","0.0 ","9.8 "
"1758","2017","10","24","24.5 ","64 ","0.0 ","9.8 "
"1759","2017","10","25","24.5 ","64 ","0.0 ","10.3 "
"1760","2017","10","26","24.5 ","63 ","0.0 ","9.8 "
"1761","2017","10","27","23.6 ","64 ","0.0 ","10.0 "
"1762","2017","10","28","23.5 ","66 ","0.0 ","9.4 "
"1763","2017","10","29","23.5 ","60 ","0.0 ","9.6 "
"1764","2017","10","30","22.7 ","59 ","0.0 ","9.9 "
"1765","2017","10","31","23.4 ","60 ","0.0 ","9.8 "
"1766","2017","11","1","24.1 ","67 ","0.0 ","10.5 "
"1767","2017","11","2","25.3 ","74 ","T ","3.9 "
"1768","2017","11","3","24.9 ","76 ","0.0 ","2.9 "
"1769","2017","11","4","23.9 ","63 ","0.0 ","6.2 "
"1770","2017","11","5","23.0 ","66 ","0.0 ","4.8 "
"1771","2017","11","6","24.3 ","74 ","0.0 ","0.2 "
"1772","2017","11","7","25.3 ","77 ","0.0 ","9.3 "
"1773","2017","11","8","25.5 ","74 ","0.0 ","8.8 "
"1774","2017","11","9","25.6 ","71 ","0.0 ","9.3 "
"1775","2017","11","10","25.5 ","77 ","0.0 ","2.9 "
"1776","2017","11","11","24.0 ","83 ","0.5 ","0.0 "
"1777","2017","11","12","23.2 ","81 ","1.0 ","0.7 "
"1778","2017","11","13","24.1 ","78 ","T ","0.6 "
"1779","2017","11","14","24.9 ","78 ","0.0 ","6.6 "
"1780","2017","11","15","25.0 ","75 ","0.0 ","3.0 "
"1781","2017","11","16","25.1 ","75 ","0.0 ","9.5 "
"1782","2017","11","17","26.5 ","69 ","0.0 ","9.4 "
"1783","2017","11","18","25.7 ","66 ","0.0 ","9.6 "
"1784","2017","11","19","22.1 ","65 ","0.0 ","0.8 "
"1785","2017","11","20","22.4 ","71 ","0.0 ","6.7 "
"1786","2017","11","21","23.1 ","73 ","0.0 ","9.1 "
"1787","2017","11","22","22.5 ","75 ","0.0 ","2.7 "
"1788","2017","11","23","20.1 ","65 ","0.0 ","6.9 "
"1789","2017","11","24","20.0 ","63 ","0.0 ","0.7 "
"1790","2017","11","25","21.4 ","68 ","0.0 ","9.0 "
"1791","2017","11","26","22.9 ","70 ","0.0 ","4.8 "
"1792","2017","11","27","22.9 ","74 ","0.0 ","5.8 "
"1793","2017","11","28","24.1 ","78 ","0.0 ","9.6 "
"1794","2017","11","29","24.1 ","79 ","0.0 ","8.0 "
"1795","2017","11","30","23.1 ","80 ","0.0 ","3.0 "
"1796","2017","12","1","22.0 ","74 ","0.0 ","3.7 "
"1797","2017","12","2","21.7 ","76 ","0.0 ","1.0 "
"1798","2017","12","3","21.9 ","78 ","0.0 ","0.4 "
"1799","2017","12","4","20.8 ","71 ","0.0 ","9.7 "
"1800","2017","12","5","19.2 ","64 ","0.0 ","8.3 "
"1801","2017","12","6","18.3 ","69 ","0.0 ","2.5 "
"1802","2017","12","7","19.8 ","73 ","0.0 ","7.5 "
"1803","2017","12","8","15.6 ","77 ","1.0 ","0.0 "
"1804","2017","12","9","15.6 ","79 ","0.5 ","1.8 "
"1805","2017","12","10","18.0 ","79 ","0.0 ","9.6 "
"1806","2017","12","11","18.9 ","71 ","0.0 ","6.6 "
"1807","2017","12","12","18.8 ","70 ","0.0 ","0.0 "
"1808","2017","12","13","20.2 ","76 ","0.0 ","4.7 "
"1809","2017","12","14","20.6 ","74 ","0.0 ","9.6 "
"1810","2017","12","15","20.4 ","79 ","0.0 ","8.6 "
"1811","2017","12","16","18.5 ","80 ","0.0 ","0.0 "
"1812","2017","12","17","16.1 ","67 ","0.0 ","6.0 "
"1813","2017","12","18","17.1 ","69 ","0.0 ","1.2 "
"1814","2017","12","19","17.0 ","71 ","0.0 ","3.7 "
"1815","2017","12","20","17.0 ","70 ","0.5 ","4.2 "
"1816","2017","12","21","17.7 ","61 ","0.0 ","9.5 "
"1817","2017","12","22","18.7 ","67 ","0.0 ","9.5 "
"1818","2017","12","23","19.5 ","75 ","0.0 ","9.8 "
"1819","2017","12","24","19.6 ","75 ","0.0 ","6.6 "
"1820","2017","12","25","19.5 ","59 ","0.0 ","1.6 "
"1821","2017","12","26","19.9 ","65 ","0.0 ","6.0 "
"1822","2017","12","27","19.7 ","72 ","0.0 ","8.5 "
"1823","2017","12","28","20.8 ","74 ","0.0 ","0.7 "
"1824","2017","12","29","20.4 ","76 ","0.0 ","8.4 "
"1825","2017","12","30","20.1 ","76 ","0.0 ","8.9 "
"1826","2017","12","31","18.1 ","73 ","0.0 ","6.2 "
